sampledate,depth,water_temp,secchi_depth,air_temp,wind_speed,chlora,sediment,ph,alk,dic,tic,doc,toc,TP_filtered,TP_unfiltered
5/21/2004,0,10.44,,,,,,,,,,,,,
5/22/2004,0,10.42,,,,,,,,,,,,,
5/23/2004,0,10.06,,,,,,,,,,,,,
5/24/2004,0,9.93,,,,,,,,,,,,,
5/25/2004,0,9.99,,,,,,,,,,,,,
5/26/2004,0,10.51,3.7,22,6,5.9,,8.26,,10.77,10.99,2.87,2.87,1,10
5/27/2004,0,10.44,,,,,,,,,,,,,
5/28/2004,0,11.32,,,,,,,,,,,,,
5/29/2004,0,11.13,,,,,,,,,,,,,
5/30/2004,0,10.85,,,,,,,,,,,,,
5/31/2004,0,10.94,,,,,,,,,,,,,
6/1/2004,0,11.24,,,,,,,,,,,,,
6/2/2004,0,11.51,,,,,,,,,,,,,
6/3/2004,0,12.83,,,,,,,,,,,,,
6/4/2004,0,15.36,,,,,,,,,,,,,
6/5/2004,0,13.58,,,,,,,,,,,,,
6/6/2004,0,16.79,,,,,,,,,,,,,
6/7/2004,0,14.81,,,,,,,,,,,,,
6/8/2004,0,16.35,,,,,,,,,,,,,
6/9/2004,0,15.09,,,,,539.57,,,,,,,,
6/10/2004,0,15.53,5.7,19,8,1.6,,,,,,,,,
6/11/2004,0,15.27,,,,,,,,,,,,,
6/12/2004,0,16.1,,,,,,,,,,,,,
6/13/2004,0,16.71,,,,,,,,,,,,,
6/14/2004,0,16.79,,,,,,,,,,,,,
6/15/2004,0,17.21,,,,,,,,,,,,,
6/16/2004,0,17.92,,,,,,,,,,,,,
6/17/2004,0,18.3,,,,,,,,,,,,,
6/18/2004,0,17.42,,,,,,,,,,,,,
6/19/2004,0,17.58,,,,,,,,,,,,,
6/20/2004,0,17.54,,,,,,,,,,,,,
6/21/2004,0,17.54,,,,,,,,,,,,,
6/22/2004,0,17.39,,,,,,,,,,,,,
6/23/2004,0,17.36,4.5,21,6,0,,8.26,,10.72,10.8,2.98,3.25,2,6
6/24/2004,0,16.52,,,,,,,,,,,,,
6/25/2004,0,16.3,,,,,,,,,,,,,
6/26/2004,0,16.35,,,,,,,,,,,,,
6/27/2004,0,16.54,,,,,,,,,,,,,
6/28/2004,0,16.76,,,,,,,,,,,,,
6/29/2004,0,18.55,,,,,,,,,,,,,
6/30/2004,0,18.28,,,,,,,,,,,,,
7/1/2004,0,18.13,,,,,,,,,,,,,
7/2/2004,0,19.38,,,,,,,,,,,,,
7/3/2004,0,19.93,,,,,,,,,,,,,
7/4/2004,0,18.82,,,,,,,,,,,,,
7/5/2004,0,,,,,,,,,,,,,,
7/6/2004,0,17.89,,,,,318.4533333,,,,,,,,
7/7/2004,0,17.36,,,,,,,,,,,,,
7/8/2004,0,17.32,4.4,18,7,2,,,,,,,,,
7/9/2004,0,18.31,,,,,,,,,,,,,
7/10/2004,0,19.18,,,,,,,,,,,,,
7/11/2004,0,19.73,,,,,,,,,,,,,
7/12/2004,0,21.78,,,,,,,,,,,,,
7/13/2004,0,20.43,,,,,,,,,,,,,
7/14/2004,0,20.12,,,,,,,,,,,,,
7/15/2004,0,21.25,,,,,,,,,,,,,
7/16/2004,0,20.1,,,,,,,,,,,,,
7/17/2004,0,20.62,,,,,,,,,,,,,
7/18/2004,0,21.31,,,,,,,,,,,,,
7/19/2004,0,22.17,,,,,,,,,,,,,
7/20/2004,0,23.07,5.3,24,0,1,,8.23,,10.94,11.1,3.27,3.3,0,4
7/21/2004,0,23.19,,,,,,,,,,,,,
7/22/2004,0,21.89,,,,,,,,,,,,,
7/23/2004,0,21.44,,,,,,,,,,,,,
7/24/2004,0,21.69,,,,,,,,,,,,,
7/25/2004,0,21.75,,,,,,,,,,,,,
7/26/2004,0,22.56,,,,,,,,,,,,,
7/27/2004,0,22.56,,,,,,,,,,,,,
7/28/2004,0,21.87,,,,,,,,,,,,,
7/29/2004,0,21.81,,,,,,,,,,,,,
7/30/2004,0,21.95,,,,,,,,,,,,,
7/31/2004,0,21.64,,,,,,,,,,,,,
8/1/2004,0,22.38,,,,,,,,,,,,,
8/2/2004,0,23.13,,,,,,,,,,,,,
8/3/2004,0,22.19,,,,,,,,,,,,,
8/4/2004,0,21.67,5,27,8,1.1,313.3333333,,,,,,,,
8/5/2004,0,21.62,,,,,,,,,,,,,
8/6/2004,0,21.45,,,,,,,,,,,,,
8/7/2004,0,21.31,,,,,,,,,,,,,
8/8/2004,0,21.12,,,,,,,,,,,,,
8/9/2004,0,20.92,,,,,,,,,,,,,
8/10/2004,0,19.98,,,,,,,,,,,,,
8/11/2004,0,19.1,,,,,,,,,,,,,
8/12/2004,0,18.75,,,,,,,,,,,,,
8/13/2004,0,18.72,,,,,,,,,,,,,
8/14/2004,0,19.43,,,,,,,,,,,,,
8/15/2004,0,19.05,,,,,,,,,,,,,
8/16/2004,0,18.69,,,,,,,,,,,,,
8/17/2004,0,18.99,,,,,,,,,,,,,
8/18/2004,0,18.42,,,,,,,,,,,,,
8/19/2004,0,18.05,3,16,10,2.4,,,,,,,,,
8/20/2004,0,17.92,,,,,,,,,,,,,
8/21/2004,0,17.86,,,,,,,,,,,,,
8/22/2004,0,17.68,,,,,,,,,,,,,
8/23/2004,0,17.73,,,,,,,,,,,,,
8/24/2004,0,17.92,,,,,,,,,,,,,
8/25/2004,0,18.41,,,,,,,,,,,,,
8/26/2004,0,18.47,,,,,,,,,,,,,
8/27/2004,0,18.8,,,,,,,,,,,,,
8/28/2004,0,18.14,,,,,,,,,,,,,
8/29/2004,0,18.05,,,,,,,,,,,,,
8/30/2004,0,18.24,,,,,,,,,,,,,
8/31/2004,0,18.24,,,,,,,,,,,,,
9/1/2004,0,18.05,,,,,,,,,,,,,
9/2/2004,0,18.85,,,,,,,,,,,,,
9/3/2004,0,19.49,,,,,,,,,,,,,
9/4/2004,0,19.91,,,,,237.8483333,,,,,,,,
9/5/2004,0,19.68,,,,,,,,,,,,,
9/6/2004,0,19.13,,,,,,,,,,,,,
9/7/2004,0,18.42,,,,,,,,,,,,,
9/8/2004,0,18.24,,,,,,,,,,,,,
9/9/2004,0,18.67,,,,,,,,,,,,,
9/10/2004,0,18.33,,,,,,,,,,,,,
9/11/2004,0,18.8,,,,,,,,,,,,,
9/12/2004,0,18.88,,,,,,,,,,,,,
9/13/2004,0,18.69,,,,,,,,,,,,,
9/14/2004,0,18.77,,,,,,,,,,,,,
9/15/2004,0,18.14,,,,,,,,,,,,,
9/16/2004,0,17.8,,,,,,,,,,,,,
9/17/2004,0,17.67,,,,,,,,,,,,,
9/18/2004,0,17.94,,,,,,,,,,,,,
9/19/2004,0,17.73,,,,,,,,,,,,,
9/20/2004,0,17.61,,,,,,,,,,,,,
9/21/2004,0,18.05,,,,,,7.98,,10.81,10.81,2.97,2.94,4,6
9/22/2004,0,18.17,,,,,,,,,,,,,
9/23/2004,0,18.17,,,,,,,,,,,,,
9/24/2004,0,17.48,,,,,,,,,,,,,
9/25/2004,0,17.59,,,,,,,,,,,,,
9/26/2004,0,17.56,,,,,,,,,,,,,
9/27/2004,0,17.21,,,,,,,,,,,,,
9/28/2004,0,16.92,,,,,,,,,,,,,
9/29/2004,0,16.85,,,,,,,,,,,,,
9/30/2004,0,16.59,,,,,,,,,,,,,
10/1/2004,0,15.99,,,,,,,,,,,,,
10/2/2004,0,15.35,,,,,,,,,,,,,
10/3/2004,0,14.79,,,,,,,,,,,,,
10/4/2004,0,14.13,,,,,,,,,,,,,
10/5/2004,0,13.88,,,,,,,,,,,,,
10/6/2004,0,13.96,,,,,,,,,,,,,
10/7/2004,0,13.84,,,,,,,,,,,,,
10/8/2004,0,13.69,,,,,,,,,,,,,
10/9/2004,0,13.47,,,,,,,,,,,,,
10/10/2004,0,13.84,,,,,,,,,,,,,
10/11/2004,0,13.58,,,,,,,,,,,,,
10/25/2004,0,10.31,,,,,,,,,,,,,
10/26/2004,0,10.17,,,,,,,,,,,,,
10/27/2004,0,10.06,,,,,,,,,,,,,
10/28/2004,0,9.98,,,,,,,,,,,,,
4/6/2005,0,,,,,,,,,,,,,,
4/7/2005,0,4.621,,,,,,,,,,,,,
4/8/2005,0,4.033,,,,,,,,,,,,,
4/9/2005,0,5.933,,,,,,,,,,,,,
4/10/2005,0,,,,,,,,,,,,,,
4/11/2005,0,,,,,,,,,,,,,,
4/12/2005,0,,,,,,,,,,,,,,
4/13/2005,0,,,,,,,,,,,,,,
4/14/2005,0,2.184,,,,,,,,,,,,,
4/15/2005,0,1.943,,,,,,,,,,,,,
4/16/2005,0,0.232,,,,,,,,,,,,,
4/17/2005,0,2.452,,,,,,,,,,,,,
4/18/2005,0,,,,,,,,,,,,,,
4/19/2005,0,5.399,,,,,,,,,,,,,
4/20/2005,0,4.536,,,,,,,,,,,,,
4/21/2005,0,5.911,,,,,,,,,,,,,
4/22/2005,0,5.2,,,,,,,,,,,,,
4/23/2005,0,,,,,,,,,,,,,,
4/24/2005,0,,,,,,,,,,,,,,
4/25/2005,0,,,,,,,,,,,,,,
4/26/2005,0,5.079,,,,,,,,,,,,,
4/27/2005,0,,,,,,,,,,,,,,
4/28/2005,0,5.147,,,,,,,,,,,,,
4/29/2005,0,5.169,,,,,,,,,,,,,
4/30/2005,0,5.243,,,,,,,,,,,,,
5/1/2005,0,5.274,,,,,,,,,,,,,
5/2/2005,0,5.274,,,,,,,,,,,,,
5/3/2005,0,5.408,,,,,,,,,,,,,
5/4/2005,0,5.664,,,,,,,,,,,,,
5/5/2005,0,5.865,,,,,,,,,,,,,
5/6/2005,0,6.701,,,,,,,,,,,,,
5/7/2005,0,,,,,,,,,,,,,,
5/8/2005,0,,,,,,,,,,,,,,
5/9/2005,0,7.635,,,,,,,,,,,,,
5/10/2005,0,,,,,,,,,,,,,,
5/11/2005,0,7.704,,,,,,,,,,,,,
5/12/2005,0,7.564,,,,,,,,,,,,,
5/13/2005,0,7.495,,,,,,,,,,,,,
5/14/2005,0,7.428,,,,,,,,,,,,,
5/15/2005,0,7.309,,,,,,,,,,,,,
5/16/2005,0,,,,,,,,,,,,,,
5/17/2005,0,7.9,,,,,,,,,,,,,
5/18/2005,0,,,,,,,,,,,,,,
5/19/2005,0,,,,,,,,,,,,,,
5/20/2005,0,9.281,,,,,,,,,,,,,
5/21/2005,0,,,,,,,,,,,,,,
5/22/2005,0,,,,,,,,,,,,,,
5/23/2005,0,10.287,,,,,,,,,,,,,
5/24/2005,0,11.808,,,,,,,,,,,,,
5/25/2005,0,,,,,,,,,,,,,,
5/26/2005,0,11.657,,,,,,,,,,,,,
5/27/2005,0,12.224,,,,,,,,,,,,,
5/28/2005,0,,,,,,,,,,,,,,
5/29/2005,0,13.878,,,,,,,,,,,,,
5/30/2005,0,,,,,,,,,,,,,,
5/31/2005,0,15.479,,,,,,,,,,,,,
6/1/2005,0,15.275,,,,,,,,,,,,,
6/2/2005,0,,,,,,,,,,,,,,
6/3/2005,0,16.344,,,,,,,,,,,,,
6/4/2005,0,16.866,,,,,,,,,,,,,
6/5/2005,0,16.822,,,,,,,,,,,,,
6/6/2005,0,16.735,,,,,,,,,,,,,
6/7/2005,0,17.115,,,,,,,,,,,,,
6/8/2005,0,17.727,,,,,,,,,,,,,
6/9/2005,0,18.71,,,,,,,,,,,,,
6/10/2005,0,18.906,,,,,,,,,,,,,
6/11/2005,0,19.404,,,,,,,,,,,,,
6/12/2005,0,,,,,,,,,,,,,,
6/13/2005,0,20.298,,,,,,,,,,,,,
6/14/2005,0,19.832,,,,,,,,,,,,,
6/15/2005,0,,,,,,,,,,,,,,
6/16/2005,0,18.951,,,,,,,,,,,,,
6/17/2005,0,,,,,,,,,,,,,,
6/18/2005,0,19.686,,,,,,,,,,,,,
6/19/2005,0,20.214,,,,,,,,,,,,,
6/20/2005,0,20.876,,,,,,,,,,,,,
6/21/2005,0,21.223,,,,,,,,,,,,,
6/22/2005,0,21.714,,,,,,,,,,,,,
6/23/2005,0,21.65,,,,,,,,,,,,,
6/24/2005,0,21.889,,,,,,,,,,,,,
6/25/2005,0,22.835,,,,,,,,,,,,,
6/26/2005,0,22.158,,,,,,,,,,,,,
6/27/2005,0,22.066,,,,,,,,,,,,,
6/28/2005,0,22.544,,,,,,,,,,,,,
6/29/2005,0,22.41,,,,,,,,,,,,,
6/30/2005,0,,,,,,,,,,,,,,
7/1/2005,0,,,,,,,,,,,,,,
7/2/2005,0,20.765,,,,,,,,,,,,,
7/3/2005,0,,,,,,,,,,,,,,
7/4/2005,0,20.743,,,,,,,,,,,,,
7/5/2005,0,20.616,,,,,,,,,,,,,
7/6/2005,0,20.872,,,,,,,,,,,,,
7/7/2005,0,21.142,,,,,,,,,,,,,
7/8/2005,0,21.567,,,,,,,,,,,,,
7/9/2005,0,22.192,,,,,,,,,,,,,
7/10/2005,0,22.946,,,,,,,,,,,,,
7/11/2005,0,23.7,,,,,,,,,,,,,
7/12/2005,0,25.355,,,,,,,,,,,,,
7/13/2005,0,24.765,,,,,,,,,,,,,
7/14/2005,0,25.168,,,,,,,,,,,,,
7/15/2005,0,25.889,,,,,,,,,,,,,
7/16/2005,0,26.172,,,,,,,,,,,,,
7/17/2005,0,26.18,,,,,,,,,,,,,
7/18/2005,0,25.238,,,,,,,,,,,,,
7/19/2005,0,24.606,,,,,,,,,,,,,
7/20/2005,0,24.123,,,,,,,,,,,,,
7/21/2005,0,24.683,,,,,,,,,,,,,
7/22/2005,0,,,,,,,,,,,,,,
7/23/2005,0,,,,,,,,,,,,,,
7/24/2005,0,23.781,,,,,,,,,,,,,
7/25/2005,0,23.43,,,,,,,,,,,,,
7/26/2005,0,,,,,,,,,,,,,,
7/27/2005,0,22.825,,,,,,,,,,,,,
7/28/2005,0,,,,,,,,,,,,,,
7/29/2005,0,,,,,,,,,,,,,,
7/30/2005,0,22.129,,,,,,,,,,,,,
7/31/2005,0,,,,,,,,,,,,,,
8/1/2005,0,23.39,,,,,,,,,,,,,
8/2/2005,0,24.015,,,,,,,,,,,,,
8/3/2005,0,24.184,,,,,,,,,,,,,
8/4/2005,0,24.049,,,,,,,,,,,,,
8/5/2005,0,24.024,,,,,,,,,,,,,
8/6/2005,0,23.585,,,,,,,,,,,,,
8/7/2005,0,23.741,,,,,,,,,,,,,
8/8/2005,0,23.782,,,,,,,,,,,,,
8/9/2005,0,23.745,,,,,,,,,,,,,
8/10/2005,0,23.726,,,,,,,,,,,,,
8/11/2005,0,23.417,,,,,,,,,,,,,
8/12/2005,0,23.12,,,,,,,,,,,,,
8/13/2005,0,22.868,,,,,,,,,,,,,
8/14/2005,0,22.771,,,,,,,,,,,,,
8/15/2005,0,22.73,,,,,,,,,,,,,
8/16/2005,0,22.818,,,,,,,,,,,,,
8/17/2005,0,22.492,,,,,,,,,,,,,
8/18/2005,0,22.104,,,,,,,,,,,,,
8/19/2005,0,22.1,,,,,,,,,,,,,
8/20/2005,0,22.05,,,,,,,,,,,,,
8/21/2005,0,,,,,,,,,,,,,,
8/22/2005,0,20.846,,,,,,,,,,,,,
8/23/2005,0,,,,,,,,,,,,,,
8/24/2005,0,20.547,,,,,,,,,,,,,
8/25/2005,0,20.487,,,,,,,,,,,,,
8/26/2005,0,20.369,,,,,,,,,,,,,
8/27/2005,0,20.374,,,,,,,,,,,,,
8/28/2005,0,,,,,,,,,,,,,,
8/29/2005,0,20.288,,,,,,,,,,,,,
8/30/2005,0,20.18,,,,,,,,,,,,,
8/31/2005,0,20.624,,,,,,,,,,,,,
9/1/2005,0,20.002,,,,,,,,,,,,,
9/2/2005,0,19.587,,,,,,,,,,,,,
9/3/2005,0,,,,,,,,,,,,,,
9/4/2005,0,19.62,,,,,,,,,,,,,
9/5/2005,0,19.844,,,,,,,,,,,,,
9/6/2005,0,20.096,,,,,,,,,,,,,
9/7/2005,0,,,,,,,,,,,,,,
9/8/2005,0,19.902,,,,,,,,,,,,,
9/9/2005,0,19.752,,,,,,,,,,,,,
9/10/2005,0,19.966,,,,,,,,,,,,,
9/11/2005,0,20.103,,,,,,,,,,,,,
9/12/2005,0,20.292,,,,,,,,,,,,,
9/13/2005,0,20.528,,,,,,,,,,,,,
9/14/2005,0,,,,,,,,,,,,,,
9/15/2005,0,19.934,,,,,,,,,,,,,
9/16/2005,0,20.038,,,,,,,,,,,,,
9/17/2005,0,19.855,,,,,,,,,,,,,
9/18/2005,0,20.114,,,,,,,,,,,,,
9/19/2005,0,,,,,,,,,,,,,,
9/20/2005,0,,,,,,,,,,,,,,
9/21/2005,0,,,,,,,,,,,,,,
9/22/2005,0,19.424,,,,,,,,,,,,,
9/23/2005,0,18.995,,,,,,,,,,,,,
9/24/2005,0,,,,,,,,,,,,,,
9/25/2005,0,18.267,,,,,,,,,,,,,
9/26/2005,0,18.026,,,,,,,,,,,,,
9/27/2005,0,17.846,,,,,,,,,,,,,
9/28/2005,0,,,,,,,,,,,,,,
9/29/2005,0,,,,,,,,,,,,,,
9/30/2005,0,16.148,,,,,,,,,,,,,
10/1/2005,0,16.308,,,,,,,,,,,,,
10/2/2005,0,16.245,,,,,,,,,,,,,
10/3/2005,0,16.623,,,,,,,,,,,,,
10/4/2005,0,16.849,,,,,,,,,,,,,
10/5/2005,0,16.809,,,,,,,,,,,,,
10/6/2005,0,16.103,,,,,,,,,,,,,
10/7/2005,0,15.283,,,,,,,,,,,,,
10/8/2005,0,,,,,,,,,,,,,,
10/9/2005,0,14.807,,,,,,,,,,,,,
10/10/2005,0,14.679,,,,,,,,,,,,,
10/11/2005,0,14.583,,,,,,,,,,,,,
10/12/2005,0,,,,,,,,,,,,,,
10/13/2005,0,14.36,,,,,,,,,,,,,
10/14/2005,0,14.181,,,,,,,,,,,,,
10/15/2005,0,,,,,,,,,,,,,,
10/16/2005,0,13.717,,,,,,,,,,,,,
10/17/2005,0,13.304,,,,,,,,,,,,,
10/18/2005,0,,,,,,,,,,,,,,
10/19/2005,0,12.886,,,,,,,,,,,,,
10/20/2005,0,12.706,,,,,,,,,,,,,
10/21/2005,0,12.459,,,,,,,,,,,,,
10/22/2005,0,12.228,,,,,,,,,,,,,
10/23/2005,0,11.895,,,,,,,,,,,,,
10/24/2005,0,,,,,,,,,,,,,,
10/25/2005,0,,,,,,,,,,,,,,
10/26/2005,0,11.097,,,,,,,,,,,,,
10/27/2005,0,,,,,,,,,,,,,,
10/28/2005,0,10.834,,,,,,,,,,,,,
10/29/2005,0,,,,,,,,,,,,,,
10/30/2005,0,10.589,,,,,,,,,,,,,
10/31/2005,0,10.459,,,,,,,,,,,,,
11/1/2005,0,,,,,,,,,,,,,,
11/2/2005,0,10.074,,,,,,,,,,,,,
11/3/2005,0,,,,,,,,,,,,,,
11/4/2005,0,9.673,,,,,,,,,,,,,
11/5/2005,0,9.496,,,,,,,,,,,,,
11/6/2005,0,9.388,,,,,,,,,,,,,
11/7/2005,0,9.284,,,,,,,,,,,,,
11/8/2005,0,9.189,,,,,,,,,,,,,
11/9/2005,0,8.83,,,,,,,,,,,,,
11/10/2005,0,8.341,,,,,,,,,,,,,
11/11/2005,0,8.228,,,,,,,,,,,,,
11/12/2005,0,,,,,,,,,,,,,,
11/13/2005,0,8.138,,,,,,,,,,,,,
11/14/2005,0,7.812,,,,,,,,,,,,,
11/15/2005,0,7.677,,,,,,,,,,,,,
11/16/2005,0,7.281,,,,,,,,,,,,,
11/17/2005,0,6.668,,,,,,,,,,,,,
11/18/2005,0,6.398,,,,,,,,,,,,,
11/19/2005,0,6.205,,,,,,,,,,,,,
11/20/2005,0,6.036,,,,,,,,,,,,,
11/21/2005,0,5.806,,,,,,,,,,,,,
11/22/2005,0,5.514,,,,,,,,,,,,,
11/23/2005,0,5.322,,,,,,,,,,,,,
11/24/2005,0,4.75,,,,,,,,,,,,,
11/25/2005,0,4.361,,,,,,,,,,,,,
11/26/2005,0,4.002,,,,,,,,,,,,,
11/27/2005,0,3.795,,,,,,,,,,,,,
11/28/2005,0,3.81,,,,,,,,,,,,,
11/29/2005,0,3.685,,,,,,,,,,,,,
5/25/2006,0,,,,,,,,,,,,,,
5/26/2006,0,,,,,,,,,,,,,,
5/27/2006,0,,,,,,,,,,,,,,
5/28/2006,0,15.472,,,,,,,,,,,,,
5/29/2006,0,16.719,,,,,,,,,,,,,
5/30/2006,0,18.109,,,,,,,,,,,,,
5/31/2006,0,18.459,,,,,,,,,,,,,
6/1/2006,0,,,,,,,,,,,,,,
6/2/2006,0,,,,,,,,,,,,,,
6/3/2006,0,,,,,,,,,,,,,,
6/4/2006,0,19.976,,,,,,,,,,,,,
6/5/2006,0,19.808,,,,,,,,,,,,,
6/6/2006,0,,,,,,,,,,,,,,
6/7/2006,0,,,,,,,,,,,,,,
6/8/2006,0,,,,,,,,,,,,,,
6/9/2006,0,,,,,,,,,,,,,,
6/10/2006,0,18.407,,,,,,,,,,,,,
6/11/2006,0,,,,,,,,,,,,,,
6/12/2006,0,,,,,,,,,,,,,,
6/13/2006,0,18.968,,,,,,,,,,,,,
6/14/2006,0,,,,,,,,,,,,,,
6/15/2006,0,19.23,,,,,,,,,,,,,
6/16/2006,0,19.671,,,,,,,,,,,,,
6/17/2006,0,20.39,,,,,,,,,,,,,
6/18/2006,0,,,,,,,,,,,,,,
6/19/2006,0,,,,,,,,,,,,,,
6/20/2006,0,,,,,,,,,,,,,,
6/21/2006,0,20.485,,,,,,,,,,,,,
6/22/2006,0,,,,,,,,,,,,,,
6/23/2006,0,,,,,,,,,,,,,,
6/24/2006,0,,,,,,,,,,,,,,
6/25/2006,0,,,,,,,,,,,,,,
6/26/2006,0,21.526,,,,,,,,,,,,,
6/27/2006,0,,,,,,,,,,,,,,
6/28/2006,0,,,,,,,,,,,,,,
6/29/2006,0,,,,,,,,,,,,,,
6/30/2006,0,,,,,,,,,,,,,,
7/1/2006,0,21.744,,,,,,,,,,,,,
7/2/2006,0,21.974,,,,,,,,,,,,,
7/3/2006,0,,,,,,,,,,,,,,
7/4/2006,0,,,,,,,,,,,,,,
7/5/2006,0,21.457,,,,,,,,,,,,,
7/6/2006,0,,,,,,,,,,,,,,
7/7/2006,0,21.867,,,,,,,,,,,,,
7/8/2006,0,21.832,,,,,,,,,,,,,
7/9/2006,0,,,,,,,,,,,,,,
7/10/2006,0,,,,,,,,,,,,,,
7/11/2006,0,22.742,,,,,,,,,,,,,
7/18/2006,0,24.308,,,,,,,,,,,,,
7/19/2006,0,23.342,,,,,,,,,,,,,
7/20/2006,0,23.351,,,,,,,,,,,,,
7/21/2006,0,,,,,,,,,,,,,,
7/22/2006,0,,,,,,,,,,,,,,
7/23/2006,0,,,,,,,,,,,,,,
7/24/2006,0,22.708,,,,,,,,,,,,,
7/25/2006,0,23.311,,,,,,,,,,,,,
7/26/2006,0,23.44,,,,,,,,,,,,,
7/27/2006,0,,,,,,,,,,,,,,
7/28/2006,0,23.999,,,,,,,,,,,,,
7/29/2006,0,,,,,,,,,,,,,,
7/30/2006,0,,,,,,,,,,,,,,
7/31/2006,0,23.603,,,,,,,,,,,,,
8/1/2006,0,,,,,,,,,,,,,,
8/2/2006,0,,,,,,,,,,,,,,
8/3/2006,0,,,,,,,,,,,,,,
8/4/2006,0,,,,,,,,,,,,,,
8/5/2006,0,23.598,,,,,,,,,,,,,
8/6/2006,0,,,,,,,,,,,,,,
8/7/2006,0,,,,,,,,,,,,,,
8/8/2006,0,,,,,,,,,,,,,,
8/9/2006,0,,,,,,,,,,,,,,
8/10/2006,0,,,,,,,,,,,,,,
8/11/2006,0,,,,,,,,,,,,,,
8/12/2006,0,,,,,,,,,,,,,,
8/13/2006,0,,,,,,,,,,,,,,
8/14/2006,0,,,,,,,,,,,,,,
8/15/2006,0,,,,,,,,,,,,,,
8/16/2006,0,,,,,,,,,,,,,,
8/17/2006,0,,,,,,,,,,,,,,
8/18/2006,0,22.197,,,,,,,,,,,,,
8/19/2006,0,,,,,,,,,,,,,,
8/20/2006,0,21.27,,,,,,,,,,,,,
8/21/2006,0,,,,,,,,,,,,,,
8/22/2006,0,,,,,,,,,,,,,,
8/23/2006,0,,,,,,,,,,,,,,
8/24/2006,0,,,,,,,,,,,,,,
8/25/2006,0,,,,,,,,,,,,,,
8/26/2006,0,,,,,,,,,,,,,,
8/27/2006,0,,,,,,,,,,,,,,
8/28/2006,0,,,,,,,,,,,,,,
8/29/2006,0,,,,,,,,,,,,,,
8/30/2006,0,20.406,,,,,,,,,,,,,
8/31/2006,0,,,,,,,,,,,,,,
9/1/2006,0,,,,,,,,,,,,,,
9/2/2006,0,,,,,,,,,,,,,,
9/3/2006,0,,,,,,,,,,,,,,
9/4/2006,0,,,,,,,,,,,,,,
9/5/2006,0,,,,,,,,,,,,,,
9/6/2006,0,,,,,,,,,,,,,,
9/7/2006,0,20.354,,,,,,,,,,,,,
9/8/2006,0,,,,,,,,,,,,,,
9/9/2006,0,,,,,,,,,,,,,,
9/10/2006,0,,,,,,,,,,,,,,
9/11/2006,0,,,,,,,,,,,,,,
9/12/2006,0,,,,,,,,,,,,,,
9/13/2006,0,,,,,,,,,,,,,,
9/14/2006,0,,,,,,,,,,,,,,
9/15/2006,0,,,,,,,,,,,,,,
9/16/2006,0,,,,,,,,,,,,,,
9/17/2006,0,,,,,,,,,,,,,,
9/18/2006,0,16.506,,,,,,,,,,,,,
9/19/2006,0,16.115,,,,,,,,,,,,,
9/20/2006,0,,,,,,,,,,,,,,
9/21/2006,0,,,,,,,,,,,,,,
9/22/2006,0,,,,,,,,,,,,,,
9/23/2006,0,,,,,,,,,,,,,,
9/24/2006,0,,,,,,,,,,,,,,
9/25/2006,0,,,,,,,,,,,,,,
9/26/2006,0,,,,,,,,,,,,,,
9/27/2006,0,,,,,,,,,,,,,,
9/28/2006,0,,,,,,,,,,,,,,
9/29/2006,0,,,,,,,,,,,,,,
9/30/2006,0,,,,,,,,,,,,,,
10/1/2006,0,,,,,,,,,,,,,,
10/2/2006,0,,,,,,,,,,,,,,
10/3/2006,0,,,,,,,,,,,,,,
10/4/2006,0,,,,,,,,,,,,,,
10/5/2006,0,,,,,,,,,,,,,,
10/6/2006,0,,,,,,,,,,,,,,
10/7/2006,0,,,,,,,,,,,,,,
10/8/2006,0,,,,,,,,,,,,,,
10/9/2006,0,,,,,,,,,,,,,,
10/10/2006,0,,,,,,,,,,,,,,
10/11/2006,0,11.802,,,,,,,,,,,,,
10/12/2006,0,10.77,,,,,,,,,,,,,
10/13/2006,0,9.832,,,,,,,,,,,,,
10/14/2006,0,9.144,,,,,,,,,,,,,
10/15/2006,0,,,,,,,,,,,,,,
10/16/2006,0,,,,,,,,,,,,,,
10/17/2006,0,8.889,,,,,,,,,,,,,
10/18/2006,0,,,,,,,,,,,,,,
10/19/2006,0,8.503,,,,,,,,,,,,,
10/20/2006,0,8.361,,,,,,,,,,,,,
10/21/2006,0,,,,,,,,,,,,,,
10/22/2006,0,7.985,,,,,,,,,,,,,
10/23/2006,0,,,,,,,,,,,,,,
10/24/2006,0,7.599,,,,,,,,,,,,,
10/25/2006,0,,,,,,,,,,,,,,
10/26/2006,0,,,,,,,,,,,,,,
10/27/2006,0,,,,,,,,,,,,,,
10/28/2006,0,7.203,,,,,,,,,,,,,
10/29/2006,0,,,,,,,,,,,,,,
6/13/2007,0,19.796,,,,,,,,,,,,,
6/14/2007,0,20.741,,,,,,,,,,,,,
6/15/2007,0,21.09,,,,,,,,,,,,,
6/16/2007,0,21.607,,,,,,,,,,,,,
6/17/2007,0,20.949,,,,,,,,,,,,,
6/18/2007,0,20.218,,,,,,,,,,,,,
6/19/2007,0,18.897,,,,,,,,,,,,,
6/20/2007,0,18.398,,,,,,,,,,,,,
6/21/2007,0,19.274,,,,,,,,,,,,,
6/22/2007,0,19.042,,,,,,,,,,,,,
6/23/2007,0,19.422,,,,,,,,,,,,,
6/24/2007,0,20.308,,,,,,,,,,,,,
6/25/2007,0,20.974,,,,,,,,,,,,,
6/26/2007,0,21.661,,,,,,,,,,,,,
6/27/2007,0,21.72,,,,,,,,,,,,,
6/28/2007,0,21.146,,,,,,,,,,,,,
6/29/2007,0,21.627,,,,,,,,,,,,,
6/30/2007,0,21.366,,,,,,,,,,,,,
7/1/2007,0,21.296,,,,,,,,,,,,,
7/2/2007,0,20.632,,,,,,,,,,,,,
7/3/2007,0,21.187,,,,,,,,,,,,,
7/4/2007,0,21.262,,,,,,,,,,,,,
7/5/2007,0,21.22,,,,,,,,,,,,,
7/6/2007,0,21.785,,,,,,,,,,,,,
7/7/2007,0,22.074,,,,,,,,,,,,,
7/8/2007,0,22.757,,,,,,,,,,,,,
7/9/2007,0,23.436,,,,,,,,,,,,,
7/10/2007,0,22.463,,,,,,,,,,,,,
7/11/2007,0,21.266,,,,,,,,,,,,,
7/12/2007,0,20.536,,,,,,,,,,,,,
7/13/2007,0,20.205,,,,,,,,,,,,,
7/14/2007,0,19.846,,,,,,,,,,,,,
7/15/2007,0,19.762,,,,,,,,,,,,,
7/16/2007,0,20.944,,,,,,,,,,,,,
7/17/2007,0,21.161,,,,,,,,,,,,,
7/18/2007,0,21.651,,,,,,,,,,,,,
7/19/2007,0,20.13,,,,,,,,,,,,,
7/20/2007,0,20.632,,,,,,,,,,,,,
7/21/2007,0,20.983,,,,,,,,,,,,,
7/22/2007,0,20.772,,,,,,,,,,,,,
7/23/2007,0,21.051,,,,,,,,,,,,,
7/24/2007,0,23.055,,,,,,,,,,,,,
7/25/2007,0,23.875,,,,,,,,,,,,,
7/26/2007,0,24.115,,,,,,,,,,,,,
7/27/2007,0,23.038,,,,,,,,,,,,,
7/28/2007,0,23.732,,,,,,,,,,,,,
7/29/2007,0,23.145,,,,,,,,,,,,,
7/30/2007,0,23.645,,,,,,,,,,,,,
7/31/2007,0,24.156,,,,,,,,,,,,,
8/1/2007,0,24.096,,,,,,,,,,,,,
8/2/2007,0,23.925,,,,,,,,,,,,,
8/3/2007,0,23.68,,,,,,,,,,,,,
8/4/2007,0,23.507,,,,,,,,,,,,,
8/5/2007,0,23.069,,,,,,,,,,,,,
8/6/2007,0,23.077,,,,,,,,,,,,,
8/7/2007,0,22.673,,,,,,,,,,,,,
8/8/2007,0,23.327,,,,,,,,,,,,,
8/9/2007,0,23.082,,,,,,,,,,,,,
8/10/2007,0,23.708,,,,,,,,,,,,,
8/11/2007,0,23.239,,,,,,,,,,,,,
8/12/2007,0,23.239,,,,,,,,,,,,,
8/13/2007,0,23.072,,,,,,,,,,,,,
8/14/2007,0,22.785,,,,,,,,,,,,,
8/15/2007,0,22.607,,,,,,,,,,,,,
8/16/2007,0,22.362,,,,,,,,,,,,,
8/17/2007,0,21.695,,,,,,,,,,,,,
8/18/2007,0,21.043,,,,,,,,,,,,,
8/19/2007,0,20.585,,,,,,,,,,,,,
8/20/2007,0,20.005,,,,,,,,,,,,,
8/21/2007,0,19.492,,,,,,,,,,,,,
8/22/2007,0,20.238,,,,,,,,,,,,,
8/23/2007,0,20.432,,,,,,,,,,,,,
8/24/2007,0,19.969,,,,,,,,,,,,,
8/25/2007,0,19.598,,,,,,,,,,,,,
8/26/2007,0,19.565,,,,,,,,,,,,,
8/27/2007,0,19.485,,,,,,,,,,,,,
8/28/2007,0,19.866,,,,,,,,,,,,,
8/29/2007,0,19.654,,,,,,,,,,,,,
8/30/2007,0,19.914,,,,,,,,,,,,,
8/31/2007,0,19.895,,,,,,,,,,,,,
9/1/2007,0,19.994,,,,,,,,,,,,,
9/2/2007,0,19.859,,,,,,,,,,,,,
9/3/2007,0,20.439,,,,,,,,,,,,,
9/4/2007,0,20.214,,,,,,,,,,,,,
9/5/2007,0,20.417,,,,,,,,,,,,,
9/6/2007,0,20.629,,,,,,,,,,,,,
9/7/2007,0,20.712,,,,,,,,,,,,,
9/8/2007,0,20.465,,,,,,,,,,,,,
9/9/2007,0,19.765,,,,,,,,,,,,,
9/10/2007,0,19.32,,,,,,,,,,,,,
9/11/2007,0,18.365,,,,,,,,,,,,,
9/12/2007,0,17.429,,,,,,,,,,,,,
9/13/2007,0,17.121,,,,,,,,,,,,,
9/14/2007,0,16.631,,,,,,,,,,,,,
9/15/2007,0,16.313,,,,,,,,,,,,,
9/16/2007,0,16.17,,,,,,,,,,,,,
9/17/2007,0,16.086,,,,,,,,,,,,,
9/18/2007,0,16.116,,,,,,,,,,,,,
9/19/2007,0,16.229,,,,,,,,,,,,,
9/20/2007,0,16.199,,,,,,,,,,,,,
9/21/2007,0,16.19,,,,,,,,,,,,,
9/22/2007,0,16.147,,,,,,,,,,,,,
9/23/2007,0,16.131,,,,,,,,,,,,,
9/24/2007,0,16.249,,,,,,,,,,,,,
9/25/2007,0,16.362,,,,,,,,,,,,,
9/26/2007,0,16.303,,,,,,,,,,,,,
9/27/2007,0,16.187,,,,,,,,,,,,,
9/28/2007,0,16.276,,,,,,,,,,,,,
9/29/2007,0,15.747,,,,,,,,,,,,,
9/30/2007,0,15.405,,,,,,,,,,,,,
10/1/2007,0,15.394,,,,,,,,,,,,,
10/2/2007,0,15.364,,,,,,,,,,,,,
10/3/2007,0,15.199,,,,,,,,,,,,,
10/4/2007,0,15.173,,,,,,,,,,,,,
10/5/2007,0,15.398,,,,,,,,,,,,,
10/6/2007,0,15.805,,,,,,,,,,,,,
10/7/2007,0,16.373,,,,,,,,,,,,,
10/8/2007,0,16.505,,,,,,,,,,,,,
10/9/2007,0,15.78,,,,,,,,,,,,,
10/10/2007,0,14.604,,,,,,,,,,,,,
10/11/2007,0,13.885,,,,,,,,,,,,,
10/12/2007,0,,,,,,,,,,,,,,
10/13/2007,0,,,,,,,,,,,,,,
10/14/2007,0,,,,,,,,,,,,,,
10/15/2007,0,,,,,,,,,,,,,,
10/16/2007,0,12.625,,,,,,,,,,,,,
10/17/2007,0,12.572,,,,,,,,,,,,,
10/18/2007,0,12.512,,,,,,,,,,,,,
10/19/2007,0,12.359,,,,,,,,,,,,,
10/20/2007,0,12.156,,,,,,,,,,,,,
10/21/2007,0,12.1,,,,,,,,,,,,,
10/22/2007,0,11.873,,,,,,,,,,,,,
10/23/2007,0,11.558,,,,,,,,,,,,,
10/24/2007,0,11.155,,,,,,,,,,,,,
10/25/2007,0,10.869,,,,,,,,,,,,,
10/26/2007,0,10.968,,,,,,,,,,,,,
10/27/2007,0,10.617,,,,,,,,,,,,,
10/28/2007,0,10.34,,,,,,,,,,,,,
10/29/2007,0,10.335,,,,,,,,,,,,,
10/30/2007,0,10.173,,,,,,,,,,,,,
10/31/2007,0,10.039,,,,,,,,,,,,,
11/1/2007,0,9.631,,,,,,,,,,,,,
11/2/2007,0,9.274,,,,,,,,,,,,,
11/3/2007,0,9.075,,,,,,,,,,,,,
11/4/2007,0,8.891,,,,,,,,,,,,,
11/5/2007,0,8.67,,,,,,,,,,,,,
11/6/2007,0,8.113,,,,,,,,,,,,,
11/7/2007,0,7.781,,,,,,,,,,,,,
11/8/2007,0,7.608,,,,,,,,,,,,,
11/9/2007,0,7.45,,,,,,,,,,,,,
11/10/2007,0,7.34,,,,,,,,,,,,,
11/11/2007,0,7.299,,,,,,,,,,,,,
11/12/2007,0,7.202,,,,,,,,,,,,,
11/13/2007,0,7.025,,,,,,,,,,,,,
11/14/2007,0,6.809,,,,,,,,,,,,,
11/15/2007,0,6.433,,,,,,,,,,,,,
11/16/2007,0,6.195,,,,,,,,,,,,,
11/17/2007,0,6.078,,,,,,,,,,,,,
5/30/2008,0,11.626,,,,,,,,,,,,,
5/31/2008,0,11.392,,,,,,,,,,,,,
6/1/2008,0,11.848,,,,,,,,,,,,,
6/2/2008,0,12.534,,,,,,,,,,,,,
6/3/2008,0,12.156,,,,,,,,,,,,,
6/4/2008,0,12.345,,,,,,,,,,,,,
6/5/2008,0,12.699,,,,,,,,,,,,,
6/6/2008,0,12.448,,,,,,,,,,,,,
6/18/2008,0,15.376,,,,,,,,,,,,,
6/19/2008,0,15.894,,,,,,,,,,,,,
6/20/2008,0,16.835,,,,,,,,,,,,,
6/21/2008,0,16.632,,,,,,,,,,,,,
6/22/2008,0,16.739,,,,,,,,,,,,,
6/23/2008,0,16.871,,,,,,,,,,,,,
6/24/2008,0,17.267,,,,,,,,,,,,,
6/25/2008,0,17.804,,,,,,,,,,,,,
6/26/2008,0,19.922,,,,,,,,,,,,,
6/27/2008,0,19.185,,,,,,,,,,,,,
6/28/2008,0,19.054,,,,,,,,,,,,,
6/29/2008,0,18.612,,,,,,,,,,,,,
6/30/2008,0,18.613,,,,,,,,,,,,,
7/1/2008,0,18.921,,,,,,,,,,,,,
7/2/2008,0,19.069,,,,,,,,,,,,,
7/3/2008,0,19.602,,,,,,,,,,,,,
7/4/2008,0,19.556,,,,,,,,,,,,,
7/5/2008,0,19.676,,,,,,,,,,,,,
7/6/2008,0,19.684,,,,,,,,,,,,,
7/7/2008,0,21.09,,,,,,,,,,,,,
7/8/2008,0,20.469,,,,,,,,,,,,,
7/9/2008,0,20.222,,,,,,,,,,,,,
7/10/2008,0,20.136,,,,,,,,,,,,,
7/11/2008,0,20.15,,,,,,,,,,,,,
7/12/2008,0,20.096,,,,,,,,,,,,,
7/13/2008,0,19.203,,,,,,,,,,,,,
7/14/2008,0,19.202,,,,,,,,,,,,,
7/15/2008,0,19.635,,,,,,,,,,,,,
7/16/2008,0,20.503,,,,,,,,,,,,,
7/17/2008,0,20.448,,,,,,,,,,,,,
7/18/2008,0,20.778,,,,,,,,,,,,,
7/19/2008,0,21.506,,,,,,,,,,,,,
7/20/2008,0,21.108,,,,,,,,,,,,,
7/21/2008,0,21.007,,,,,,,,,,,,,
7/22/2008,0,20.854,,,,,,,,,,,,,
7/23/2008,0,21.613,,,,,,,,,,,,,
7/24/2008,0,21.377,,,,,,,,,,,,,
7/25/2008,0,21.211,,,,,,,,,,,,,
7/26/2008,0,20.935,,,,,,,,,,,,,
7/27/2008,0,20.944,,,,,,,,,,,,,
7/28/2008,0,22.194,,,,,,,,,,,,,
7/29/2008,0,21.317,,,,,,,,,,,,,
7/30/2008,0,21.369,,,,,,,,,,,,,
7/31/2008,0,21.853,,,,,,,,,,,,,
8/1/2008,0,21.755,,,,,,,,,,,,,
8/2/2008,0,22.328,,,,,,,,,,,,,
8/3/2008,0,21.961,,,,,,,,,,,,,
8/4/2008,0,22.587,,,,,,,,,,,,,
8/5/2008,0,22.155,,,,,,,,,,,,,
8/6/2008,0,22.128,,,,,,,,,,,,,
8/7/2008,0,22.02,,,,,,,,,,,,,
8/8/2008,0,21.977,,,,,,,,,,,,,
8/9/2008,0,21.741,,,,,,,,,,,,,
8/10/2008,0,21.39,,,,,,,,,,,,,
8/11/2008,0,21.877,,,,,,,,,,,,,
8/12/2008,0,21.491,,,,,,,,,,,,,
8/13/2008,0,21.369,,,,,,,,,,,,,
8/14/2008,0,21.185,,,,,,,,,,,,,
8/15/2008,0,21.58,,,,,,,,,,,,,
8/16/2008,0,21.187,,,,,,,,,,,,,
8/17/2008,0,21.256,,,,,,,,,,,,,
8/18/2008,0,21.379,,,,,,,,,,,,,
8/19/2008,0,21.38,,,,,,,,,,,,,
8/20/2008,0,21.469,,,,,,,,,,,,,
8/21/2008,0,21.438,,,,,,,,,,,,,
8/22/2008,0,21.109,,,,,,,,,,,,,
8/23/2008,0,21.017,,,,,,,,,,,,,
8/24/2008,0,20.625,,,,,,,,,,,,,
8/25/2008,0,20.91,,,,,,,,,,,,,
8/26/2008,0,20.52,,,,,,,,,,,,,
8/27/2008,0,20.287,,,,,,,,,,,,,
8/28/2008,0,20.153,,,,,,,,,,,,,
8/29/2008,0,20.244,,,,,,,,,,,,,
8/30/2008,0,20.902,,,,,,,,,,,,,
8/31/2008,0,20.373,,,,,,,,,,,,,
9/1/2008,0,20.367,,,,,,,,,,,,,
9/2/2008,0,20.455,,,,,,,,,,,,,
9/3/2008,0,20.237,,,,,,,,,,,,,
9/4/2008,0,19.64,,,,,,,,,,,,,
9/5/2008,0,19.455,,,,,,,,,,,,,
9/6/2008,0,19.1,,,,,,,,,,,,,
9/7/2008,0,18.759,,,,,,,,,,,,,
9/8/2008,0,18.28,,,,,,,,,,,,,
9/9/2008,0,18.07,,,,,,,,,,,,,
9/10/2008,0,17.605,,,,,,,,,,,,,
9/11/2008,0,17.215,,,,,,,,,,,,,
9/12/2008,0,17.938,,,,,,,,,,,,,
9/13/2008,0,17.314,,,,,,,,,,,,,
9/14/2008,0,17.039,,,,,,,,,,,,,
9/15/2008,0,16.87,,,,,,,,,,,,,
9/16/2008,0,16.777,,,,,,,,,,,,,
9/17/2008,0,16.844,,,,,,,,,,,,,
9/18/2008,0,16.778,,,,,,,,,,,,,
9/19/2008,0,16.71,,,,,,,,,,,,,
9/20/2008,0,16.787,,,,,,,,,,,,,
9/21/2008,0,16.831,,,,,,,,,,,,,
9/22/2008,0,16.775,,,,,,,,,,,,,
9/23/2008,0,16.784,,,,,,,,,,,,,
9/24/2008,0,16.819,,,,,,,,,,,,,
9/25/2008,0,16.766,,,,,,,,,,,,,
9/26/2008,0,16.741,,,,,,,,,,,,,
9/27/2008,0,16.747,,,,,,,,,,,,,
9/28/2008,0,16.681,,,,,,,,,,,,,
9/29/2008,0,16.529,,,,,,,,,,,,,
9/30/2008,0,16.294,,,,,,,,,,,,,
10/1/2008,0,16.021,,,,,,,,,,,,,
10/2/2008,0,15.514,,,,,,,,,,,,,
10/3/2008,0,14.862,,,,,,,,,,,,,
10/4/2008,0,14.829,,,,,,,,,,,,,
10/5/2008,0,14.436,,,,,,,,,,,,,
10/6/2008,0,14.123,,,,,,,,,,,,,
10/7/2008,0,13.854,,,,,,,,,,,,,
10/8/2008,0,13.727,,,,,,,,,,,,,
10/9/2008,0,13.377,,,,,,,,,,,,,
10/10/2008,0,13.124,,,,,,,,,,,,,
10/11/2008,0,13.053,,,,,,,,,,,,,
10/12/2008,0,13.154,,,,,,,,,,,,,
10/13/2008,0,13.308,,,,,,,,,,,,,
10/14/2008,0,13.096,,,,,,,,,,,,,
10/15/2008,0,12.683,,,,,,,,,,,,,
10/16/2008,0,12.35,,,,,,,,,,,,,
10/17/2008,0,12.111,,,,,,,,,,,,,
10/18/2008,0,11.893,,,,,,,,,,,,,
10/19/2008,0,11.623,,,,,,,,,,,,,
10/20/2008,0,11.398,,,,,,,,,,,,,
10/21/2008,0,11.169,,,,,,,,,,,,,
10/22/2008,0,10.81,,,,,,,,,,,,,
10/23/2008,0,10.556,,,,,,,,,,,,,
10/24/2008,0,10.331,,,,,,,,,,,,,
10/25/2008,0,10.117,,,,,,,,,,,,,
10/26/2008,0,9.824,,,,,,,,,,,,,
10/27/2008,0,9.257,,,,,,,,,,,,,
10/28/2008,0,8.882,,,,,,,,,,,,,
10/29/2008,0,8.702,,,,,,,,,,,,,
10/30/2008,0,8.531,,,,,,,,,,,,,
10/31/2008,0,8.525,,,,,,,,,,,,,
11/1/2008,0,8.461,,,,,,,,,,,,,
11/2/2008,0,8.226,,,,,,,,,,,,,
11/3/2008,0,8.278,,,,,,,,,,,,,
11/4/2008,0,8.354,,,,,,,,,,,,,
11/5/2008,0,8.379,,,,,,,,,,,,,
11/6/2008,0,8.499,,,,,,,,,,,,,
11/7/2008,0,8.4,,,,,,,,,,,,,
11/8/2008,0,8.24,,,,,,,,,,,,,
11/9/2008,0,7.811,,,,,,,,,,,,,
11/10/2008,0,7.363,,,,,,,,,,,,,
11/11/2008,0,7.086,,,,,,,,,,,,,
5/5/2009,0,5.495,,,,,,,,,,,,,
5/6/2009,0,7.04,,,,,,,,,,,,,
5/7/2009,0,7.542,,,,,,,,,,,,,
5/8/2009,0,8.626,,,,,,,,,,,,,
5/9/2009,0,7.013,,,,,,,,,,,,,
5/10/2009,0,7.83,,,,,,,,,,,,,
5/11/2009,0,8.49,,,,,,,,,,,,,
5/12/2009,0,8.302,,,,,,,,,,,,,
5/13/2009,0,8.193,,,,,,,,,,,,,
5/14/2009,0,8.083,,,,,,,,,,,,,
5/29/2009,0,12.634,,,,,,,,,,,,,
5/30/2009,0,12.653,,,,,,,,,,,,,
5/31/2009,0,12.941,,,,,,,,,,,,,
6/1/2009,0,12.526,,,,,,,,,,,,,
6/2/2009,0,12.393,,,,,,,,,,,,,
6/3/2009,0,14.57,,,,,,,,,,,,,
6/4/2009,0,13.374,,,,,,,,,,,,,
6/5/2009,0,13.623,,,,,,,,,,,,,
6/6/2009,0,13.985,,,,,,,,,,,,,
6/7/2009,0,13.47,,,,,,,,,,,,,
6/8/2009,0,12.95,,,,,,,,,,,,,
6/9/2009,0,13.043,,,,,,,,,,,,,
6/10/2009,0,13.065,,,,,,,,,,,,,
6/11/2009,0,13.556,,,,,,,,,,,,,
6/12/2009,0,15.147,,,,,,,,,,,,,
6/13/2009,0,14.921,,,,,,,,,,,,,
6/14/2009,0,15.929,,,,,,,,,,,,,
6/15/2009,0,17.333,,,,,,,,,,,,,
6/16/2009,0,16.767,,,,,,,,,,,,,
6/17/2009,0,17.45,,,,,,,,,,,,,
6/18/2009,0,18.075,,,,,,,,,,,,,
6/19/2009,0,18.454,,,,,,,,,,,,,
6/20/2009,0,19.128,,,,,,,,,,,,,
6/21/2009,0,20.068,,,,,,,,,,,,,
6/22/2009,0,20.207,,,,,,,,,,,,,
6/23/2009,0,22,,,,,,,,,,,,,
6/24/2009,0,22.921,,,,,,,,,,,,,
6/25/2009,0,22.85,,,,,,,,,,,,,
6/26/2009,0,23.21,,,,,,,,,,,,,
6/27/2009,0,21.925,,,,,,,,,,,,,
6/28/2009,0,20.563,,,,,,,,,,,,,
6/29/2009,0,19.339,,,,,,,,,,,,,
6/30/2009,0,18.189,,,,,,,,,,,,,
7/1/2009,0,17.636,,,,,,,,,,,,,
7/2/2009,0,17.427,,,,,,,,,,,,,
7/3/2009,0,17.814,,,,,,,,,,,,,
7/4/2009,0,19.134,,,,,,,,,,,,,
7/5/2009,0,18.703,,,,,,,,,,,,,
7/6/2009,0,18.682,,,,,,,,,,,,,
7/7/2009,0,18.825,,,,,,,,,,,,,
7/8/2009,0,19.341,,,,,,,,,,,,,
7/9/2009,0,19.11,,,,,,,,,,,,,
7/10/2009,0,19.486,,,,,,,,,,,,,
7/11/2009,0,19.67,,,,,,,,,,,,,
7/12/2009,0,19.468,,,,,,,,,,,,,
7/13/2009,0,19.447,,,,,,,,,,,,,
7/14/2009,0,19.414,,,,,,,,,,,,,
7/15/2009,0,19.255,,,,,,,,,,,,,
7/16/2009,0,18.815,,,,,,,,,,,,,
7/17/2009,0,18.239,,,,,,,,,,,,,
7/18/2009,0,17.881,,,,,,,,,,,,,
7/19/2009,0,18.687,,,,,,,,,,,,,
7/20/2009,0,18.54,,,,,,,,,,,,,
7/21/2009,0,18.627,,,,,,,,,,,,,
7/22/2009,0,18.53,,,,,,,,,,,,,
7/23/2009,0,18.73,,,,,,,,,,,,,
7/24/2009,0,19.449,,,,,,,,,,,,,
7/25/2009,0,19.321,,,,,,,,,,,,,
7/26/2009,0,19.439,,,,,,,,,,,,,
7/27/2009,0,,,,,,,,,,,,,,
7/28/2009,0,,,,,,,,,,,,,,
7/29/2009,0,,,,,,,,,,,,,,
7/30/2009,0,,,,,,,,,,,,,,
7/31/2009,0,,,,,,,,,,,,,,
8/1/2009,0,,,,,,,,,,,,,,
8/2/2009,0,,,,,,,,,,,,,,
8/3/2009,0,,,,,,,,,,,,,,
8/4/2009,0,,,,,,,,,,,,,,
8/5/2009,0,,,,,,,,,,,,,,
8/6/2009,0,,,,,,,,,,,,,,
8/7/2009,0,,,,,,,,,,,,,,
8/8/2009,0,,,,,,,,,,,,,,
8/9/2009,0,,,,,,,,,,,,,,
8/10/2009,0,,,,,,,,,,,,,,
8/11/2009,0,,,,,,,,,,,,,,
8/12/2009,0,21.085,,,,,,,,,,,,,
8/13/2009,0,21.17,,,,,,,,,,,,,
8/14/2009,0,22.089,,,,,,,,,,,,,
8/15/2009,0,22.09,,,,,,,,,,,,,
8/16/2009,0,21.833,,,,,,,,,,,,,
8/17/2009,0,21.5,,,,,,,,,,,,,
8/18/2009,0,21.07,,,,,,,,,,,,,
8/19/2009,0,20.622,,,,,,,,,,,,,
8/20/2009,0,20.253,,,,,,,,,,,,,
8/21/2009,0,19.714,,,,,,,,,,,,,
8/22/2009,0,19.318,,,,,,,,,,,,,
8/23/2009,0,19.645,,,,,,,,,,,,,
8/24/2009,0,19.487,,,,,,,,,,,,,
8/25/2009,0,19.453,,,,,,,,,,,,,
8/26/2009,0,20.266,,,,,,,,,,,,,
8/27/2009,0,20.401,,,,,,,,,,,,,
8/28/2009,0,19.878,,,,,,,,,,,,,
8/29/2009,0,18.982,,,,,,,,,,,,,
8/30/2009,0,18.423,,,,,,,,,,,,,
8/31/2009,0,18.525,,,,,,,,,,,,,
9/1/2009,0,18.727,,,,,,,,,,,,,
9/2/2009,0,18.858,,,,,,,,,,,,,
9/3/2009,0,19.396,,,,,,,,,,,,,
9/4/2009,0,19.825,,,,,,,,,,,,,
9/5/2009,0,19.837,,,,,,,,,,,,,
9/6/2009,0,19.936,,,,,,,,,,,,,
9/7/2009,0,20.369,,,,,,,,,,,,,
9/8/2009,0,20.379,,,,,,,,,,,,,
9/9/2009,0,20.341,,,,,,,,,,,,,
9/10/2009,0,20.627,,,,,,,,,,,,,
9/19/2009,0,19.985,,,,,,,,,,,,,
9/20/2009,0,19.939,,,,,,,,,,,,,
9/21/2009,0,19.975,,,,,,,,,,,,,
9/22/2009,0,19.849,,,,,,,,,,,,,
9/23/2009,0,19.78,,,,,,,,,,,,,
9/24/2009,0,20.033,,,,,,,,,,,,,
9/25/2009,0,19.525,,,,,,,,,,,,,
9/26/2009,0,19.207,,,,,,,,,,,,,
9/27/2009,0,18.783,,,,,,,,,,,,,
9/28/2009,0,17.793,,,,,,,,,,,,,
9/29/2009,0,16.586,,,,,,,,,,,,,
9/30/2009,0,16.156,,,,,,,,,,,,,
10/1/2009,0,15.667,,,,,,,,,,,,,
10/2/2009,0,15.045,,,,,,,,,,,,,
10/3/2009,0,14.49,,,,,,,,,,,,,
10/4/2009,0,14.225,,,,,,,,,,,,,
10/5/2009,0,13.965,,,,,,,,,,,,,
10/6/2009,0,13.629,,,,,,,,,,,,,
10/7/2009,0,13.237,,,,,,,,,,,,,
10/8/2009,0,12.956,,,,,,,,,,,,,
10/9/2009,0,12.606,,,,,,,,,,,,,
10/10/2009,0,12.053,,,,,,,,,,,,,
10/11/2009,0,11.353,,,,,,,,,,,,,
10/12/2009,0,11.028,,,,,,,,,,,,,
10/13/2009,0,10.599,,,,,,,,,,,,,
10/14/2009,0,10.314,,,,,,,,,,,,,
10/15/2009,0,10.13,,,,,,,,,,,,,
10/16/2009,0,9.974,,,,,,,,,,,,,
10/17/2009,0,9.858,,,,,,,,,,,,,
10/18/2009,0,9.568,,,,,,,,,,,,,
10/19/2009,0,9.473,,,,,,,,,,,,,
10/20/2009,0,9.47,,,,,,,,,,,,,
10/21/2009,0,9.28,,,,,,,,,,,,,
10/22/2009,0,9.068,,,,,,,,,,,,,
10/23/2009,0,8.813,,,,,,,,,,,,,
10/24/2009,0,8.531,,,,,,,,,,,,,
10/25/2009,0,8.404,,,,,,,,,,,,,
10/26/2009,0,8.351,,,,,,,,,,,,,
10/27/2009,0,8.3,,,,,,,,,,,,,
5/21/2010,0,14.708,,,,,,,,,,,,,
5/22/2010,0,14.013,,,,,,,,,,,,,
5/23/2010,0,14.415,,,,,,,,,,,,,
5/24/2010,0,15.122,,,,,,,,,,,,,
5/25/2010,0,16.751,,,,,,,,,,,,,
5/26/2010,0,16.501,,,,,,,,,,,,,
5/27/2010,0,16.798,,,,,,,,,,,,,
5/28/2010,0,17.811,,,,,,,,,,,,,
5/29/2010,0,18.922,,,,,,,,,,,,,
5/30/2010,0,18.871,,,,,,,,,,,,,
5/31/2010,0,19.474,,,,,,,,,,,,,
6/1/2010,0,19.138,,,,,,,,,,,,,
6/2/2010,0,18.859,,,,,,,,,,,,,
6/3/2010,0,19.813,,,,,,,,,,,,,
6/4/2010,0,18.647,,,,,,,,,,,,,
6/5/2010,0,18.307,,,,,,,,,,,,,
6/6/2010,0,17.995,,,,,,,,,,,,,
6/7/2010,0,18.745,,,,,,,,,,,,,
6/8/2010,0,17.846,,,,,,,,,,,,,
6/9/2010,0,16.894,,,,,,,,,,,,,
6/10/2010,0,17.317,,,,,,,,,,,,,
6/11/2010,0,16.934,,,,,,,,,,,,,
6/12/2010,0,16.545,,,,,,,,,,,,,
6/13/2010,0,16.643,,,,,,,,,,,,,
6/14/2010,0,16.818,,,,,,,,,,,,,
6/15/2010,0,16.648,,,,,,,,,,,,,
6/16/2010,0,16.709,,,,,,,,,,,,,
6/17/2010,0,17.106,,,,,,,,,,,,,
6/18/2010,0,17.675,,,,,,,,,,,,,
6/19/2010,0,17.92,,,,,,,,,,,,,
6/20/2010,0,19.313,,,,,,,,,,,,,
6/21/2010,0,19.033,,,,,,,,,,,,,
6/22/2010,0,19.552,,,,,,,,,,,,,
6/23/2010,0,20.186,,,,,,,,,,,,,
6/24/2010,0,20.067,,,,,,,,,,,,,
6/25/2010,0,20.129,,,,,,,,,,,,,
6/26/2010,0,20.618,,,,,,,,,,,,,
6/27/2010,0,20.724,,,,,,,,,,,,,
6/28/2010,0,20.495,,,,,,,,,,,,,
6/29/2010,0,20.023,,,,,,,,,,,,,
6/30/2010,0,20.235,,,,,,,,,,,,,
7/1/2010,0,20.031,,,,,,,,,,,,,
7/2/2010,0,20.197,,,,,,,,,,,,,
7/3/2010,0,20.512,,,,,,,,,,,,,
7/4/2010,0,20.768,,,,,,,,,,,,,
7/5/2010,0,21.115,,,,,,,,,,,,,
7/6/2010,0,22.028,,,,,,,,,,,,,
7/7/2010,0,22.987,,,,,,,,,,,,,
7/8/2010,0,22.684,,,,,,,,,,,,,
7/9/2010,0,22.983,,,,,,,,,,,,,
7/10/2010,0,23.058,,,,,,,,,,,,,
7/11/2010,0,22.739,,,,,,,,,,,,,
7/12/2010,0,22.445,,,,,,,,,,,,,
7/13/2010,0,22.366,,,,,,,,,,,,,
7/14/2010,0,22.078,,,,,,,,,,,,,
7/15/2010,0,21.832,,,,,,,,,,,,,
7/16/2010,0,21.813,,,,,,,,,,,,,
7/17/2010,0,22.183,,,,,,,,,,,,,
7/18/2010,0,22.656,,,,,,,,,,,,,
7/19/2010,0,22.732,,,,,,,,,,,,,
7/20/2010,0,22.678,,,,,,,,,,,,,
7/21/2010,0,22.533,,,,,,,,,,,,,
7/22/2010,0,22.462,,,,,,,,,,,,,
7/23/2010,0,22.333,,,,,,,,,,,,,
7/24/2010,0,22.365,,,,,,,,,,,,,
7/25/2010,0,22.814,,,,,,,,,,,,,
7/26/2010,0,23.012,,,,,,,,,,,,,
7/27/2010,0,22.928,,,,,,,,,,,,,
7/28/2010,0,22.835,,,,,,,,,,,,,
7/29/2010,0,22.971,,,,,,,,,,,,,
7/30/2010,0,22.97,,,,,,,,,,,,,
5/28/2011,0,11.424,,,,,,,,,,,,,
5/29/2011,0,12.4,,,,,,,,,,,,,
5/30/2011,0,11.843,,,,,,,,,,,,,
5/31/2011,0,12.158,,,,,,,,,,,,,
6/1/2011,0,12.015,,,,,,,,,,,,,
6/2/2011,0,12.01,,,,,,,,,,,,,
6/3/2011,0,12.352,,,,,,,,,,,,,
6/4/2011,0,13.319,,,,,,,,,,,,,
6/5/2011,0,15.655,,,,,,,,,,,,,
6/6/2011,0,16.61,,,,,,,,,,,,,
6/7/2011,0,16.371,,,,,,,,,,,,,
6/8/2011,0,17.103,,,,,,,,,,,,,
6/9/2011,0,16.365,,,,,,,,,,,,,
6/10/2011,0,15.477,,,,,,,,,,,,,
6/11/2011,0,15.186,,,,,,,,,,,,,
6/12/2011,0,16.785,,,,,,,,,,,,,
7/5/2011,0,21.338,,,,,,,,,,,,,
7/6/2011,0,22.856,,,,,,,,,,,,,
7/7/2011,0,20.977,,,,,,,,,,,,,
7/8/2011,0,21.732,,,,,,,,,,,,,
7/9/2011,0,21.04,,,,,,,,,,,,,
7/10/2011,0,22.171,,,,,,,,,,,,,
7/11/2011,0,22.598,,,,,,,,,,,,,
7/12/2011,0,21.788,,,,,,,,,,,,,
7/13/2011,0,20.148,,,,,,,,,,,,,
7/14/2011,0,18.921,,,,,,,,,,,,,
7/15/2011,0,19.692,,,,,,,,,,,,,
7/16/2011,0,23.524,,,,,,,,,,,,,
7/17/2011,0,22.558,,,,,,,,,,,,,
7/18/2011,0,24.518,,,,,,,,,,,,,
7/19/2011,0,23.92,,,,,,,,,,,,,
7/20/2011,0,22.551,,,,,,,,,,,,,
7/23/2011,0,23.749,,,,,,,,,,,,,
7/24/2011,0,20.226,,,,,,,,,,,,,
7/25/2011,0,18.792,,,,,,,,,,,,,
7/26/2011,0,19.986,,,,,,,,,,,,,
7/27/2011,0,19.805,,,,,,,,,,,,,
7/28/2011,0,23.848,,,,,,,,,,,,,
7/29/2011,0,22.544,,,,,,,,,,,,,
7/30/2011,0,23.139,,,,,,,,,,,,,
7/31/2011,0,24.151,,,,,,,,,,,,,
8/1/2011,0,23.132,,,,,,,,,,,,,
8/2/2011,0,21.809,,,,,,,,,,,,,
8/3/2011,0,20.214,,,,,,,,,,,,,
8/4/2011,0,,,,,,,,,,,,,,
8/5/2011,0,21.63,,,,,,,,,,,,,
8/6/2011,0,22.299,,,,,,,,,,,,,
8/7/2011,0,21.327,,,,,,,,,,,,,
8/8/2011,0,20.245,,,,,,,,,,,,,
8/9/2011,0,17.578,,,,,,,,,,,,,
8/10/2011,0,16.672,,,,,,,,,,,,,
8/11/2011,0,19.348,,,,,,,,,,,,,
8/12/2011,0,20.597,,,,,,,,,,,,,
8/13/2011,0,19.869,,,,,,,,,,,,,
8/14/2011,0,,,,,,,,,,,,,,
8/15/2011,0,22.985,,,,,,,,,,,,,
8/16/2011,0,24.698,,,,,,,,,,,,,
8/17/2011,0,19.24,,,,,,,,,,,,,
8/18/2011,0,19.176,,,,,,,,,,,,,
8/19/2011,0,19.882,,,,,,,,,,,,,
8/20/2011,0,17.051,,,,,,,,,,,,,
8/21/2011,0,15.909,,,,,,,,,,,,,
8/22/2011,0,22.292,,,,,,,,,,,,,
8/23/2011,0,20.166,,,,,,,,,,,,,
8/24/2011,0,18.329,,,,,,,,,,,,,
8/25/2011,0,16.783,,,,,,,,,,,,,
8/26/2011,0,20.558,,,,,,,,,,,,,
8/27/2011,0,17.901,,,,,,,,,,,,,
8/28/2011,0,17.761,,,,,,,,,,,,,
8/29/2011,0,23,,,,,,,,,,,,,
8/30/2011,0,22.136,,,,,,,,,,,,,
8/31/2011,0,16.764,,,,,,,,,,,,,
9/1/2011,0,24.557,,,,,,,,,,,,,
9/2/2011,0,21.105,,,,,,,,,,,,,
9/3/2011,0,18.417,,,,,,,,,,,,,
9/4/2011,0,14.168,,,,,,,,,,,,,
9/5/2011,0,11.631,,,,,,,,,,,,,
9/6/2011,0,12.19,,,,,,,,,,,,,
9/7/2011,0,20.159,,,,,,,,,,,,,
9/8/2011,0,21.346,,,,,,,,,,,,,
9/9/2011,0,18.75,,,,,,,,,,,,,
9/10/2011,0,,,,,,,,,,,,,,
9/11/2011,0,,,,,,,,,,,,,,
9/12/2011,0,,,,,,,,,,,,,,
9/13/2011,0,,,,,,,,,,,,,,
9/14/2011,0,,,,,,,,,,,,,,
9/15/2011,0,,,,,,,,,,,,,,
9/16/2011,0,,,,,,,,,,,,,,
9/17/2011,0,,,,,,,,,,,,,,
9/18/2011,0,,,,,,,,,,,,,,
9/19/2011,0,,,,,,,,,,,,,,
9/20/2011,0,,,,,,,,,,,,,,
9/21/2011,0,,,,,,,,,,,,,,
9/22/2011,0,,,,,,,,,,,,,,
9/23/2011,0,,,,,,,,,,,,,,
9/24/2011,0,,,,,,,,,,,,,,
9/25/2011,0,,,,,,,,,,,,,,
9/26/2011,0,,,,,,,,,,,,,,
9/27/2011,0,,,,,,,,,,,,,,
9/28/2011,0,,,,,,,,,,,,,,
9/29/2011,0,,,,,,,,,,,,,,
9/30/2011,0,,,,,,,,,,,,,,
10/1/2011,0,,,,,,,,,,,,,,
10/2/2011,0,,,,,,,,,,,,,,
10/3/2011,0,,,,,,,,,,,,,,
10/4/2011,0,,,,,,,,,,,,,,
10/5/2011,0,,,,,,,,,,,,,,
10/6/2011,0,,,,,,,,,,,,,,
10/7/2011,0,21.81,,,,,,,,,,,,,
10/8/2011,0,14.96,,,,,,,,,,,,,
10/9/2011,0,,,,,,,,,,,,,,
10/10/2011,0,,,,,,,,,,,,,,
10/11/2011,0,,,,,,,,,,,,,,
10/12/2011,0,,,,,,,,,,,,,,
10/13/2011,0,,,,,,,,,,,,,,
10/14/2011,0,,,,,,,,,,,,,,
10/15/2011,0,,,,,,,,,,,,,,
10/16/2011,0,4.655,,,,,,,,,,,,,
10/17/2011,0,4.687,,,,,,,,,,,,,
10/18/2011,0,5.119,,,,,,,,,,,,,
10/19/2011,0,4.689,,,,,,,,,,,,,
10/20/2011,0,4.27,,,,,,,,,,,,,
5/22/2012,0,14.486,,,,,,,,,,,,,
5/23/2012,0,14.414,,,,,,,,,,,,,
5/24/2012,0,14.468,,,,,,,,,,,,,
5/25/2012,0,14.553,,,,,,,,,,,,,
5/26/2012,0,14.703,,,,,,,,,,,,,
5/27/2012,0,14.873,,,,,,,,,,,,,
5/28/2012,0,15.539,,,,,,,,,,,,,
5/29/2012,0,15.561,,,,,,,,,,,,,
5/30/2012,0,15.196,,,,,,,,,,,,,
5/31/2012,0,15.316,,,,,,,,,,,,,
6/1/2012,0,15.704,,,,,,,,,,,,,
6/2/2012,0,15.308,,,,,,,,,,,,,
6/3/2012,0,15.858,,,,,,,,,,,,,
6/4/2012,0,17.179,,,,,,,,,,,,,
6/5/2012,0,17.272,,,,,,,,,,,,,
6/6/2012,0,18.165,,,,,,,,,,,,,
6/7/2012,0,18.96,,,,,,,,,,,,,
6/8/2012,0,18.658,,,,,,,,,,,,,
6/9/2012,0,18.718,,,,,,,,,,,,,
6/10/2012,0,18.867,,,,,,,,,,,,,
6/11/2012,0,18.77,,,,,,,,,,,,,
6/12/2012,0,18.416,,,,,,,,,,,,,
6/13/2012,0,18.199,,,,,,,,,,,,,
6/14/2012,0,17.801,,,,,,,,,,,,,
6/15/2012,0,18.404,,,,,,,,,,,,,
6/16/2012,0,18.388,,,,,,,,,,,,,
6/17/2012,0,18.116,,,,,,,,,,,,,
6/18/2012,0,18.373,,,,,,,,,,,,,
6/19/2012,0,18.926,,,,,,,,,,,,,
6/20/2012,0,19.157,,,,,,,,,,,,,
6/21/2012,0,19.229,,,,,,,,,,,,,
6/22/2012,0,19.669,,,,,,,,,,,,,
6/23/2012,0,19.392,,,,,,,,,,,,,
6/24/2012,0,19.417,,,,,,,,,,,,,
6/25/2012,0,20.189,,,,,,,,,,,,,
6/26/2012,0,20.262,,,,,,,,,,,,,
6/27/2012,0,20.504,,,,,,,,,,,,,
6/28/2012,0,21.081,,,,,,,,,,,,,
6/29/2012,0,21.207,,,,,,,,,,,,,
6/30/2012,0,21.547,,,,,,,,,,,,,
7/1/2012,0,22.964,,,,,,,,,,,,,
7/2/2012,0,22.956,,,,,,,,,,,,,
7/3/2012,0,23.327,,,,,,,,,,,,,
7/4/2012,0,24.463,,,,,,,,,,,,,
7/5/2012,0,24.365,,,,,,,,,,,,,
7/6/2012,0,24.444,,,,,,,,,,,,,
7/7/2012,0,23.73,,,,,,,,,,,,,
7/8/2012,0,23.83,,,,,,,,,,,,,
7/9/2012,0,23.756,,,,,,,,,,,,,
7/10/2012,0,24.287,,,,,,,,,,,,,
7/11/2012,0,24.147,,,,,,,,,,,,,
7/12/2012,0,24.273,,,,,,,,,,,,,
7/13/2012,0,24.174,,,,,,,,,,,,,
7/14/2012,0,24.148,,,,,,,,,,,,,
7/15/2012,0,24.734,,,,,,,,,,,,,
7/16/2012,0,24.709,,,,,,,,,,,,,
7/17/2012,0,24.375,,,,,,,,,,,,,
7/18/2012,0,23.891,,,,,,,,,,,,,
7/19/2012,0,23.737,,,,,,,,,,,,,
7/20/2012,0,23.689,,,,,,,,,,,,,
7/21/2012,0,23.996,,,,,,,,,,,,,
7/22/2012,0,24.333,,,,,,,,,,,,,
7/23/2012,0,24.501,,,,,,,,,,,,,
7/24/2012,0,24.956,,,,,,,,,,,,,
7/25/2012,0,24.275,,,,,,,,,,,,,
7/26/2012,0,23.929,,,,,,,,,,,,,
7/27/2012,0,23.558,,,,,,,,,,,,,
7/28/2012,0,23.939,,,,,,,,,,,,,
7/29/2012,0,23.873,,,,,,,,,,,,,
7/30/2012,0,23.68,,,,,,,,,,,,,
7/31/2012,0,23.756,,,,,,,,,,,,,
8/1/2012,0,23.476,,,,,,,,,,,,,
8/2/2012,0,23.648,,,,,,,,,,,,,
8/3/2012,0,23.756,,,,,,,,,,,,,
8/4/2012,0,23.336,,,,,,,,,,,,,
8/5/2012,0,22.687,,,,,,,,,,,,,
8/6/2012,0,22.459,,,,,,,,,,,,,
8/7/2012,0,22.51,,,,,,,,,,,,,
8/8/2012,0,22.113,,,,,,,,,,,,,
8/9/2012,0,21.69,,,,,,,,,,,,,
8/10/2012,0,21.213,,,,,,,,,,,,,
8/11/2012,0,20.961,,,,,,,,,,,,,
8/12/2012,0,21.182,,,,,,,,,,,,,
8/13/2012,0,21.058,,,,,,,,,,,,,
8/14/2012,0,21.264,,,,,,,,,,,,,
8/15/2012,0,21.063,,,,,,,,,,,,,
8/16/2012,0,20.798,,,,,,,,,,,,,
8/17/2012,0,20.279,,,,,,,,,,,,,
8/18/2012,0,20.059,,,,,,,,,,,,,
8/19/2012,0,19.969,,,,,,,,,,,,,
8/20/2012,0,19.832,,,,,,,,,,,,,
8/21/2012,0,19.973,,,,,,,,,,,,,
8/22/2012,0,20.121,,,,,,,,,,,,,
8/23/2012,0,20.141,,,,,,,,,,,,,
8/24/2012,0,20.231,,,,,,,,,,,,,
8/25/2012,0,20.406,,,,,,,,,,,,,
8/26/2012,0,20.568,,,,,,,,,,,,,
8/27/2012,0,20.698,,,,,,,,,,,,,
8/28/2012,0,21.216,,,,,,,,,,,,,
8/29/2012,0,20.96,,,,,,,,,,,,,
8/30/2012,0,20.952,,,,,,,,,,,,,
8/31/2012,0,21.06,,,,,,,,,,,,,
9/1/2012,0,21.107,,,,,,,,,,,,,
9/2/2012,0,20.854,,,,,,,,,,,,,
9/3/2012,0,21.191,,,,,,,,,,,,,
9/4/2012,0,21.257,,,,,,,,,,,,,
9/5/2012,0,21.2,,,,,,,,,,,,,
9/6/2012,0,20.783,,,,,,,,,,,,,
9/7/2012,0,20.45,,,,,,,,,,,,,
9/8/2012,0,19.883,,,,,,,,,,,,,
9/9/2012,0,19.477,,,,,,,,,,,,,
9/10/2012,0,19.271,,,,,,,,,,,,,
9/11/2012,0,18.973,,,,,,,,,,,,,
9/12/2012,0,18.572,,,,,,,,,,,,,
9/13/2012,0,18.08,,,,,,,,,,,,,
9/14/2012,0,17.939,,,,,,,,,,,,,
9/15/2012,0,17.792,,,,,,,,,,,,,
9/16/2012,0,17.612,,,,,,,,,,,,,
9/17/2012,0,17.314,,,,,,,,,,,,,
9/18/2012,0,16.567,,,,,,,,,,,,,
9/19/2012,0,16.134,,,,,,,,,,,,,
9/20/2012,0,15.866,,,,,,,,,,,,,
9/21/2012,0,15.633,,,,,,,,,,,,,
9/22/2012,0,15.407,,,,,,,,,,,,,
9/23/2012,0,14.781,,,,,,,,,,,,,
9/24/2012,0,14.204,,,,,,,,,,,,,
9/25/2012,0,14.217,,,,,,,,,,,,,
9/26/2012,0,13.901,,,,,,,,,,,,,
9/27/2012,0,14.299,,,,,,,,,,,,,
9/28/2012,0,14.037,,,,,,,,,,,,,
9/29/2012,0,14.091,,,,,,,,,,,,,
9/30/2012,0,14.344,,,,,,,,,,,,,
10/1/2012,0,14.08,,,,,,,,,,,,,
10/2/2012,0,14.392,,,,,,,,,,,,,
10/3/2012,0,14.64,,,,,,,,,,,,,
10/4/2012,0,13.883,,,,,,,,,,,,,
10/5/2012,0,12.884,,,,,,,,,,,,,
10/6/2012,0,12.092,,,,,,,,,,,,,
10/7/2012,0,11.65,,,,,,,,,,,,,
10/8/2012,0,11.257,,,,,,,,,,,,,
10/9/2012,0,10.953,,,,,,,,,,,,,
10/10/2012,0,10.503,,,,,,,,,,,,,
10/11/2012,0,10.128,,,,,,,,,,,,,
10/12/2012,0,9.914,,,,,,,,,,,,,
10/13/2012,0,9.674,,,,,,,,,,,,,
10/14/2012,0,9.594,,,,,,,,,,,,,
10/15/2012,0,9.486,,,,,,,,,,,,,
10/16/2012,0,9.322,,,,,,,,,,,,,
10/17/2012,0,9.384,,,,,,,,,,,,,
10/18/2012,0,9.4,,,,,,,,,,,,,
10/19/2012,0,9.344,,,,,,,,,,,,,
10/20/2012,0,9.401,,,,,,,,,,,,,
10/21/2012,0,9.297,,,,,,,,,,,,,
10/22/2012,0,9.342,,,,,,,,,,,,,
10/23/2012,0,9.312,,,,,,,,,,,,,
10/24/2012,0,9.637,,,,,,,,,,,,,
10/25/2012,0,9.517,,,,,,,,,,,,,
10/26/2012,0,9.068,,,,,,,,,,,,,
10/27/2012,0,8.716,,,,,,,,,,,,,
10/28/2012,0,8.518,,,,,,,,,,,,,
10/29/2012,0,8.486,,,,,,,,,,,,,
10/30/2012,0,8.18,,,,,,,,,,,,,
10/31/2012,0,7.835,,,,,,,,,,,,,
11/1/2012,0,7.552,,,,,,,,,,,,,
11/2/2012,0,7.308,,,,,,,,,,,,,
11/3/2012,0,7.197,,,,,,,,,,,,,
11/4/2012,0,7.05,,,,,,,,,,,,,
11/5/2012,0,6.857,,,,,,,,,,,,,
11/6/2012,0,6.691,,,,,,,,,,,,,
11/7/2012,0,6.613,,,,,,,,,,,,,
11/8/2012,0,6.521,,,,,,,,,,,,,
11/9/2012,0,6.434,,,,,,,,,,,,,
11/11/2012,0,6.354,,,,,,,,,,,,,
11/12/2012,0,6.044,,,,,,,,,,,,,
11/13/2012,0,5.696,,,,,,,,,,,,,
11/14/2012,0,5.585,,,,,,,,,,,,,
11/15/2012,0,5.359,,,,,,,,,,,,,
6/7/2013,0,13.291,,,,,,,,,,,,,
6/8/2013,0,13.208,,,,,,,,,,,,,
6/9/2013,0,13.418,,,,,,,,,,,,,
6/10/2013,0,15.425,,,,,,,,,,,,,
6/11/2013,0,15.454,,,,,,,,,,,,,
6/12/2013,0,17.145,,,,,,,,,,,,,
6/13/2013,0,15.28,,,,,,,,,,,,,
6/14/2013,0,17.631,,,,,,,,,,,,,
6/15/2013,0,16.461,,,,,,,,,,,,,
6/16/2013,0,16.404,,,,,,,,,,,,,
6/17/2013,0,16.564,,,,,,,,,,,,,
6/18/2013,0,16.91,,,,,,,,,,,,,
6/19/2013,0,16.952,,,,,,,,,,,,,
6/20/2013,0,17.29,,,,,,,,,,,,,
6/21/2013,0,17.206,,,,,,,,,,,,,
6/22/2013,0,17.247,,,,,,,,,,,,,
6/23/2013,0,17.536,,,,,,,,,,,,,
6/24/2013,0,18.717,,,,,,,,,,,,,
6/25/2013,0,21.182,,,,,,,,,,,,,
6/26/2013,0,20.977,,,,,,,,,,,,,
6/27/2013,0,20.935,,,,,,,,,,,,,
6/28/2013,0,20.426,,,,,,,,,,,,,
6/29/2013,0,19.556,,,,,,,,,,,,,
6/30/2013,0,19.079,,,,,,,,,,,,,
7/1/2013,0,19.541,,,,,,,,,,,,,
7/2/2013,0,20.719,,,,,,,,,,,,,
7/3/2013,0,20.928,,,,,,,,,,,,,
7/4/2013,0,20.92,,,,,,,,,,,,,
7/5/2013,0,20.855,,,,,,,,,,,,,
7/6/2013,0,20.92,,,,,,,,,,,,,
7/7/2013,0,21.748,,,,,,,,,,,,,
7/8/2013,0,22.581,,,,,,,,,,,,,
7/9/2013,0,22.294,,,,,,,,,,,,,
7/10/2013,0,21.476,,,,,,,,,,,,,
7/11/2013,0,21.967,,,,,,,,,,,,,
7/12/2013,0,21.463,,,,,,,,,,,,,
7/13/2013,0,21.506,,,,,,,,,,,,,
7/14/2013,0,21.952,,,,,,,,,,,,,
7/15/2013,0,22.461,,,,,,,,,,,,,
7/16/2013,0,,,,,,,,,,,,,,
7/17/2013,0,,,,,,,,,,,,,,
7/18/2013,0,,,,,,,,,,,,,,
7/19/2013,0,,,,,,,,,,,,,,
7/20/2013,0,,,,,,,,,,,,,,
7/21/2013,0,,,,,,,,,,,,,,
7/22/2013,0,,,,,,,,,,,,,,
7/23/2013,0,,,,,,,,,,,,,,
7/24/2013,0,,,,,,,,,,,,,,
7/25/2013,0,,,,,,,,,,,,,,
7/26/2013,0,12.474,,,,,,,,,,,,,
7/27/2013,0,11.121,,,,,,,,,,,,,
7/28/2013,0,11.598,,,,,,,,,,,,,
7/29/2013,0,17.526,,,,,,,,,,,,,
7/30/2013,0,17.58,,,,,,,,,,,,,
7/31/2013,0,18.524,,,,,,,,,,,,,
8/1/2013,0,17.319,,,,,,,,,,,,,
8/2/2013,0,19.053,,,,,,,,,,,,,
8/3/2013,0,19.034,,,,,,,,,,,,,
8/4/2013,0,19.52,,,,,,,,,,,,,
8/5/2013,0,19.004,,,,,,,,,,,,,
8/6/2013,0,19.11,,,,,,,,,,,,,
8/7/2013,0,19.233,,,,,,,,,,,,,
8/8/2013,0,19.266,,,,,,,,,,,,,
8/9/2013,0,19.178,,,,,,,,,,,,,
8/10/2013,0,19.222,,,,,,,,,,,,,
8/11/2013,0,19.734,,,,,,,,,,,,,
8/12/2013,0,19.382,,,,,,,,,,,,,
8/13/2013,0,18.964,,,,,,,,,,,,,
8/14/2013,0,18.686,,,,,,,,,,,,,
8/15/2013,0,18.913,,,,,,,,,,,,,
8/16/2013,0,20.025,,,,,,,,,,,,,
8/17/2013,0,19.732,,,,,,,,,,,,,
8/18/2013,0,19.702,,,,,,,,,,,,,
8/19/2013,0,19.727,,,,,,,,,,,,,
8/20/2013,0,20.031,,,,,,,,,,,,,
8/21/2013,0,20.596,,,,,,,,,,,,,
8/22/2013,0,20.757,,,,,,,,,,,,,
8/23/2013,0,20.713,,,,,,,,,,,,,
8/24/2013,0,20.661,,,,,,,,,,,,,
8/25/2013,0,20.779,,,,,,,,,,,,,
8/26/2013,0,21.734,,,,,,,,,,,,,
8/27/2013,0,22.026,,,,,,,,,,,,,
8/28/2013,0,22.489,,,,,,,,,,,,,
8/29/2013,0,22.224,,,,,,,,,,,,,
8/30/2013,0,21.724,,,,,,,,,,,,,
8/31/2013,0,22.019,,,,,,,,,,,,,
9/1/2013,0,21.543,,,,,,,,,,,,,
9/2/2013,0,20.749,,,,,,,,,,,,,
9/3/2013,0,20.242,,,,,,,,,,,,,
9/4/2013,0,20.033,,,,,,,,,,,,,
9/5/2013,0,20.268,,,,,,,,,,,,,
9/6/2013,0,19.841,,,,,,,,,,,,,
9/7/2013,0,20.095,,,,,,,,,,,,,
9/8/2013,0,19.75,,,,,,,,,,,,,
9/9/2013,0,19.678,,,,,,,,,,,,,
9/10/2013,0,19.8,,,,,,,,,,,,,
9/11/2013,0,19.819,,,,,,,,,,,,,
9/12/2013,0,19.484,,,,,,,,,,,,,
9/13/2013,0,18.984,,,,,,,,,,,,,
9/14/2013,0,18.471,,,,,,,,,,,,,
9/15/2013,0,18.077,,,,,,,,,,,,,
9/16/2013,0,17.872,,,,,,,,,,,,,
9/17/2013,0,17.363,,,,,,,,,,,,,
9/18/2013,0,17.07,,,,,,,,,,,,,
9/19/2013,0,17.215,,,,,,,,,,,,,
9/20/2013,0,17.21,,,,,,,,,,,,,
9/21/2013,0,16.581,,,,,,,,,,,,,
9/22/2013,0,16.347,,,,,,,,,,,,,
9/23/2013,0,16.189,,,,,,,,,,,,,
9/24/2013,0,16.359,,,,,,,,,,,,,
9/25/2013,0,16.508,,,,,,,,,,,,,
9/26/2013,0,16.223,,,,,,,,,,,,,
9/27/2013,0,16.141,,,,,,,,,,,,,
9/28/2013,0,16.056,,,,,,,,,,,,,
9/29/2013,0,15.981,,,,,,,,,,,,,
9/30/2013,0,15.846,,,,,,,,,,,,,
10/1/2013,0,15.731,,,,,,,,,,,,,
10/2/2013,0,15.81,,,,,,,,,,,,,
10/3/2013,0,15.596,,,,,,,,,,,,,
10/4/2013,0,15.492,,,,,,,,,,,,,
10/5/2013,0,15.296,,,,,,,,,,,,,
10/6/2013,0,14.987,,,,,,,,,,,,,
10/7/2013,0,14.447,,,,,,,,,,,,,
10/8/2013,0,14.184,,,,,,,,,,,,,
10/9/2013,0,14.077,,,,,,,,,,,,,
10/10/2013,0,14.103,,,,,,,,,,,,,
10/11/2013,0,14.05,,,,,,,,,,,,,
10/12/2013,0,13.868,,,,,,,,,,,,,
10/13/2013,0,13.662,,,,,,,,,,,,,
10/14/2013,0,13.327,,,,,,,,,,,,,
10/15/2013,0,13.035,,,,,,,,,,,,,
10/16/2013,0,12.705,,,,,,,,,,,,,
10/17/2013,0,12.41,,,,,,,,,,,,,
10/18/2013,0,12.132,,,,,,,,,,,,,
10/19/2013,0,11.803,,,,,,,,,,,,,
10/20/2013,0,11.419,,,,,,,,,,,,,
10/21/2013,0,10.892,,,,,,,,,,,,,
10/22/2013,0,10.147,,,,,,,,,,,,,
10/23/2013,0,9.812,,,,,,,,,,,,,
10/27/2013,0,8.077,,,,,,,,,,,,,
10/28/2013,0,7.906,,,,,,,,,,,,,
10/29/2013,0,7.606,,,,,,,,,,,,,
10/31/2013,0,7.577,,,,,,,,,,,,,
11/1/2013,0,7.474,,,,,,,,,,,,,
11/5/2013,0,6.837,,,,,,,,,,,,,
11/6/2013,0,6.63,,,,,,,,,,,,,
11/7/2013,0,6.338,,,,,,,,,,,,,
11/8/2013,0,6.138,,,,,,,,,,,,,
11/9/2013,0,5.96,,,,,,,,,,,,,
11/10/2013,0,5.691,,,,,,,,,,,,,
11/11/2013,0,5.354,,,,,,,,,,,,,
11/12/2013,0,5.052,,,,,,,,,,,,,
11/13/2013,0,4.849,,,,,,,,,,,,,
11/14/2013,0,4.683,,,,,,,,,,,,,
11/15/2013,0,4.64,,,,,,,,,,,,,
11/16/2013,0,4.586,,,,,,,,,,,,,
11/17/2013,0,4.559,,,,,,,,,,,,,
11/18/2013,0,4.289,,,,,,,,,,,,,
11/19/2013,0,4.061,,,,,,,,,,,,,
5/25/2014,0,,,,,,,,,,,,,,
5/26/2014,0,,,,,,,,,,,,,,
5/27/2014,0,,,,,,,,,,,,,,
5/28/2014,0,14.574,,,,,,,,,,,,,
5/29/2014,0,16.642,,,,,,,,,,,,,
5/30/2014,0,17.52,,,,,,,,,,,,,
5/31/2014,0,16.221,,,,,,,,,,,,,
6/1/2014,0,16.215,,,,,,,,,,,,,
6/2/2014,0,16.247,,,,,,,,,,,,,
6/3/2014,0,15.825,,,,,,,,,,,,,
6/4/2014,0,16.403,,,,,,,,,,,,,
6/5/2014,0,16.369,,,,,,,,,,,,,
6/6/2014,0,17.478,,,,,,,,,,,,,
6/7/2014,0,16.479,,,,,,,,,,,,,
6/8/2014,0,15.982,,,,,,,,,,,,,
6/9/2014,0,16.244,,,,,,,,,,,,,
6/10/2014,0,16.988,,,,,,,,,,,,,
6/11/2014,0,18.52,,,,,,,,,,,,,
6/12/2014,0,16.393,,,,,,,,,,,,,
6/13/2014,0,15.63,,,,,,,,,,,,,
6/14/2014,0,15.562,,,,,,,,,,,,,
6/15/2014,0,15.103,,,,,,,,,,,,,
6/16/2014,0,15.176,,,,,,,,,,,,,
6/17/2014,0,16.412,,,,,,,,,,,,,
6/18/2014,0,15.979,,,,,,,,,,,,,
6/19/2014,0,16.028,,,,,,,,,,,,,
6/20/2014,0,16.412,,,,,,,,,,,,,
6/21/2014,0,16.577,,,,,,,,,,,,,
6/22/2014,0,17.842,,,,,,,,,,,,,
6/23/2014,0,19.075,,,,,,,,,,,,,
6/24/2014,0,19.337,,,,,,,,,,,,,
6/25/2014,0,18.542,,,,,,,,,,,,,
6/26/2014,0,18.888,,,,,,,,,,,,,
6/27/2014,0,18.951,,,,,,,,,,,,,
6/28/2014,0,19.244,,,,,,,,,,,,,
6/29/2014,0,19.496,,,,,,,,,,,,,
6/30/2014,0,19.301,,,,,,,,,,,,,
7/1/2014,0,18.946,,,,,,,,,,,,,
7/2/2014,0,18.509,,,,,,,,,,,,,
7/3/2014,0,18.51,,,,,,,,,,,,,
7/4/2014,0,18.911,,,,,,,,,,,,,
7/5/2014,0,18.967,,,,,,,,,,,,,
7/6/2014,0,19.095,,,,,,,,,,,,,
7/8/2014,0,19.177,,,,,,,,,,,,,
7/9/2014,0,18.87,,,,,,,,,,,,,
7/10/2014,0,19.194,,,,,,,,,,,,,
7/11/2014,0,19.182,,,,,,,,,,,,,
7/12/2014,0,19.605,,,,,,,,,,,,,
7/13/2014,0,19.377,,,,,,,,,,,,,
7/14/2014,0,19.232,,,,,,,,,,,,,
7/15/2014,0,18.484,,,,,,,,,,,,,
7/16/2014,0,18.335,,,,,,,,,,,,,
7/17/2014,0,18.655,,,,,,,,,,,,,
7/18/2014,0,18.895,,,,,,,,,,,,,
7/19/2014,0,18.884,,,,,,,,,,,,,
7/20/2014,0,19.062,,,,,,,,,,,,,
7/21/2014,0,19.947,,,,,,,,,,,,,
7/22/2014,0,20.189,,,,,,,,,,,,,
7/23/2014,0,20.38,,,,,,,,,,,,,
7/24/2014,0,20.72,,,,,,,,,,,,,
7/25/2014,0,20.171,,,,,,,,,,,,,
7/26/2014,0,20.433,,,,,,,,,,,,,
7/27/2014,0,20.252,,,,,,,,,,,,,
7/28/2014,0,19.63,,,,,,,,,,,,,
7/29/2014,0,19.621,,,,,,,,,,,,,
7/30/2014,0,19.809,,,,,,,,,,,,,
7/31/2014,0,20.167,,,,,,,,,,,,,
8/1/2014,0,20.736,,,,,,,,,,,,,
8/2/2014,0,21.003,,,,,,,,,,,,,
8/3/2014,0,21.266,,,,,,,,,,,,,
8/4/2014,0,21.224,,,,,,,,,,,,,
8/5/2014,0,21.519,,,,,,,,,,,,,
8/6/2014,0,21.623,,,,,,,,,,,,,
8/7/2014,0,21.821,,,,,,,,,,,,,
8/8/2014,0,22.328,,,,,,,,,,,,,
8/9/2014,0,22.619,,,,,,,,,,,,,
8/10/2014,0,22.724,,,,,,,,,,,,,
8/11/2014,0,22.016,,,,,,,,,,,,,
8/12/2014,0,20.559,,,,,,,,,,,,,
8/13/2014,0,20.387,,,,,,,,,,,,,
8/14/2014,0,20.506,,,,,,,,,,,,,
8/15/2014,0,20.497,,,,,,,,,,,,,
8/16/2014,0,20.576,,,,,,,,,,,,,
8/17/2014,0,20.546,,,,,,,,,,,,,
8/18/2014,0,20.014,,,,,,,,,,,,,
8/19/2014,0,19.904,,,,,,,,,,,,,
8/20/2014,0,19.844,,,,,,,,,,,,,
8/21/2014,0,19.709,,,,,,,,,,,,,
8/22/2014,0,19.92,,,,,,,,,,,,,
8/23/2014,0,19.944,,,,,,,,,,,,,
8/24/2014,0,19.93,,,,,,,,,,,,,
8/25/2014,0,20.226,,,,,,,,,,,,,
8/26/2014,0,20.206,,,,,,,,,,,,,
8/27/2014,0,20.336,,,,,,,,,,,,,
8/28/2014,0,20.16,,,,,,,,,,,,,
8/29/2014,0,19.922,,,,,,,,,,,,,
8/30/2014,0,19.633,,,,,,,,,,,,,
8/31/2014,0,19.411,,,,,,,,,,,,,
9/1/2014,0,19.288,,,,,,,,,,,,,
9/2/2014,0,19.237,,,,,,,,,,,,,
9/3/2014,0,19.146,,,,,,,,,,,,,
9/4/2014,0,18.888,,,,,,,,,,,,,
9/5/2014,0,18.628,,,,,,,,,,,,,
9/6/2014,0,18.276,,,,,,,,,,,,,
9/7/2014,0,18.237,,,,,,,,,,,,,
9/8/2014,0,18.141,,,,,,,,,,,,,
9/9/2014,0,18.203,,,,,,,,,,,,,
9/10/2014,0,17.365,,,,,,,,,,,,,
9/11/2014,0,16.087,,,,,,,,,,,,,
9/12/2014,0,15.809,,,,,,,,,,,,,
9/13/2014,0,15.724,,,,,,,,,,,,,
9/14/2014,0,15.514,,,,,,,,,,,,,
9/15/2014,0,15.373,,,,,,,,,,,,,
9/16/2014,0,15.286,,,,,,,,,,,,,
9/17/2014,0,15.42,,,,,,,,,,,,,
9/18/2014,0,15.031,,,,,,,,,,,,,
9/19/2014,0,14.609,,,,,,,,,,,,,
9/20/2014,0,14.924,,,,,,,,,,,,,
9/21/2014,0,14.567,,,,,,,,,,,,,
9/22/2014,0,14.391,,,,,,,,,,,,,
9/23/2014,0,15,,,,,,,,,,,,,
9/24/2014,0,15.153,,,,,,,,,,,,,
9/25/2014,0,15.223,,,,,,,,,,,,,
9/26/2014,0,15.457,,,,,,,,,,,,,
9/27/2014,0,15.504,,,,,,,,,,,,,
9/28/2014,0,15.953,,,,,,,,,,,,,
9/29/2014,0,15.447,,,,,,,,,,,,,
9/30/2014,0,14.814,,,,,,,,,,,,,
10/1/2014,0,14.197,,,,,,,,,,,,,
10/2/2014,0,14.382,,,,,,,,,,,,,
10/3/2014,0,13.859,,,,,,,,,,,,,
10/4/2014,0,13.052,,,,,,,,,,,,,
10/5/2014,0,12.343,,,,,,,,,,,,,
10/6/2014,0,11.869,,,,,,,,,,,,,
10/7/2014,0,11.591,,,,,,,,,,,,,
10/8/2014,0,11.108,,,,,,,,,,,,,
10/9/2014,0,10.736,,,,,,,,,,,,,
10/10/2014,0,10.558,,,,,,,,,,,,,
10/11/2014,0,10.571,,,,,,,,,,,,,
10/12/2014,0,10.318,,,,,,,,,,,,,
10/13/2014,0,10.269,,,,,,,,,,,,,
10/14/2014,0,10.095,,,,,,,,,,,,,
10/15/2014,0,9.912,,,,,,,,,,,,,
10/16/2014,0,10.019,,,,,,,,,,,,,
10/17/2014,0,9.827,,,,,,,,,,,,,
10/18/2014,0,9.519,,,,,,,,,,,,,
10/19/2014,0,9.31,,,,,,,,,,,,,
10/20/2014,0,9.23,,,,,,,,,,,,,
10/21/2014,0,9.128,,,,,,,,,,,,,
10/22/2014,0,8.974,,,,,,,,,,,,,
10/23/2014,0,8.905,,,,,,,,,,,,,
10/24/2014,0,8.904,,,,,,,,,,,,,
10/25/2014,0,8.91,,,,,,,,,,,,,
10/26/2014,0,8.928,,,,,,,,,,,,,
10/27/2014,0,8.798,,,,,,,,,,,,,
10/28/2014,0,8.679,,,,,,,,,,,,,
10/29/2014,0,8.398,,,,,,,,,,,,,
10/30/2014,0,8.202,,,,,,,,,,,,,
10/31/2014,0,7.697,,,,,,,,,,,,,
11/1/2014,0,7.447,,,,,,,,,,,,,
11/2/2014,0,7.264,,,,,,,,,,,,,
11/3/2014,0,7.157,,,,,,,,,,,,,
11/4/2014,0,7.037,,,,,,,,,,,,,
11/5/2014,0,6.571,,,,,,,,,,,,,
7/27/2015,0,25.062,,,,,,,,,,,,,
7/28/2015,0,24.379,,,,,,,,,,,,,
7/29/2015,0,23.471,,,,,,,,,,,,,
7/30/2015,0,22.852,,,,,,,,,,,,,
7/31/2015,0,22.548,,,,,,,,,,,,,
8/1/2015,0,22.431,,,,,,,,,,,,,
8/2/2015,0,22.446,,,,,,,,,,,,,
8/3/2015,0,22.037,,,,,,,,,,,,,
8/4/2015,0,21.649,,,,,,,,,,,,,
8/5/2015,0,22.215,,,,,,,,,,,,,
8/6/2015,0,21.832,,,,,,,,,,,,,
8/7/2015,0,21.575,,,,,,,,,,,,,
8/8/2015,0,21.384,,,,,,,,,,,,,
8/9/2015,0,21.394,,,,,,,,,,,,,
8/10/2015,0,21.538,,,,,,,,,,,,,
8/11/2015,0,21.523,,,,,,,,,,,,,
8/12/2015,0,21.742,,,,,,,,,,,,,
8/13/2015,0,22.131,,,,,,,,,,,,,
8/14/2015,0,22.949,,,,,,,,,,,,,
8/15/2015,0,24.188,,,,,,,,,,,,,
8/16/2015,0,23.41,,,,,,,,,,,,,
8/17/2015,0,23.489,,,,,,,,,,,,,
8/18/2015,0,22.849,,,,,,,,,,,,,
